,molecule_chembl_id,canonical_smiles,bioactivity_class,MW,LogP,NumHDonors,NumHAcceptors,pIC50
0,CHEMBL1788203,CCCC[C@H](CC(=O)NO)S(=O)(=O)c1ccccc1,active,285.365,1.9145999999999999,2.0,4.0,7.376750709602099
1,CHEMBL263501,CCCCC(CC(=O)NO)S(=O)(=O)c1ccccc1,active,285.365,1.9145999999999999,2.0,4.0,7.920818753952375
2,CHEMBL2092878,CCCC[C@@H](CC(=O)NO)S(=O)(=O)c1ccccc1,active,285.365,1.9145999999999999,2.0,4.0,8.045757490560675
3,CHEMBL77258,CCCCC(CC(=O)NO)S(=O)(=O)C1CCCCC1,active,291.41300000000007,2.1881999999999993,2.0,4.0,7.853871964321762
4,CHEMBL78001,CCCCC(CC(=O)NO)S(=O)(=O)c1ccc2ccccc2c1,active,335.42500000000007,3.067800000000001,2.0,4.0,7.886056647693163
5,CHEMBL148406,Nc1ccc(S(=O)(=O)N2CCc3cc(O)ccc3C2C(=O)NO)cc1,active,363.39500000000004,0.7678999999999998,4.0,6.0,6.718966632752273
6,CHEMBL147882,Cc1ccc(S(=O)(=O)N2CCc3cc(O)ccc3C2C(=O)NO)cc1,active,362.40700000000004,1.4941200000000001,3.0,5.0,7.5376020021010435
7,CHEMBL148171,COc1cc2c(cc1O)CCN(S(=O)(=O)c1ccccc1)C2C(=O)NO,active,378.406,1.1943,3.0,6.0,7.187086643357144
8,CHEMBL19611,CNC(=O)[C@H](Cc1c[nH]c2ccccc12)NC(=O)[C@@H](CC(=O)NO)CC(C)C,active,388.4680000000002,1.4989999999999999,5.0,4.0,7.886056647693163
9,CHEMBL424130,O=C(NO)C1c2ccc(O)cc2CCN1S(=O)(=O)c1cc(Cl)ccc1Cl,active,417.2700000000001,2.4925000000000006,3.0,5.0,6.769551078621726
10,CHEMBL147881,O=C(NO)C1c2ccc(OCc3ccccc3)cc2CCN1S(=O)(=O)c1ccccc1,active,438.50500000000017,3.0591000000000017,2.0,5.0,7.2441251443275085
11,CHEMBL148214,COc1ccc(S(=O)(=O)N2CCc3cc(O)c(OC)cc3C2C(=O)NO)cc1,active,408.4320000000001,1.2028999999999994,3.0,7.0,7.698970004336019
13,CHEMBL358539,COc1ccc(S(=O)(=O)N2CCc3cc(OCc4ccccc4)ccc3C2C(=O)NO)cc1,active,468.53100000000006,3.067700000000001,2.0,6.0,7.2441251443275085
14,CHEMBL147489,O=C(NO)C1c2ccc(O)cc2CCN1S(=O)(=O)c1ccc([N+](=O)[O-])cc1,active,393.3770000000001,1.0938999999999999,3.0,7.0,7.229147988357855
15,CHEMBL147604,O=C(NO)C1c2ccc(OCc3ccccc3)cc2CCN1S(=O)(=O)c1cc(Cl)ccc1Cl,active,507.3950000000002,4.3659000000000034,2.0,5.0,6.031050319018657
16,CHEMBL146718,Cc1ccc(S(=O)(=O)N2CCc3cc(OCc4ccccc4)ccc3C2C(=O)NO)cc1,active,452.53200000000004,3.3675200000000007,2.0,5.0,7.142667503568732
17,CHEMBL146289,O=C(NO)C1c2ccc(O)cc2CCN1S(=O)(=O)c1ccccc1,active,348.38000000000005,1.1857,3.0,5.0,6.375717904164332
18,CHEMBL116944,C[C@@H](C[C@@H](CO)NC(=O)c1ccc(Oc2ccccc2)cc1)C(=O)NO,active,358.39400000000006,2.1012,4.0,5.0,8.455931955649724
19,CHEMBL118497,C[C@@H](C[C@@H](COC(=O)CCC(=O)O)NC(=O)c1ccc(Oc2ccccc2)cc1)C(=O)NO,active,458.46700000000016,2.5168999999999997,4.0,7.0,8.585026652029182
20,CHEMBL290377,CNC(=O)[C@@H](NC(=O)C(CCc1ccccc1)CP(=O)(O)Cc1ccc(Cc2ccccc2)cc1)C(C)(C)C,active,548.6640000000002,5.573700000000006,3.0,3.0,8.086186147616283
21,CHEMBL77163,CNC(=O)[C@@H](NC(=O)C(CCc1ccc(Cl)cc1)CP(=O)(O)Cc1ccc(Cc2ccccc2)cc1)C(C)(C)C,active,583.1090000000002,6.227100000000007,3.0,3.0,8.769551078621726
22,CHEMBL111856,O=C(NO)C1(NS(=O)(=O)c2ccc(Oc3ccc(F)cc3)cc2)CCOCC1,active,410.42300000000023,1.9508999999999999,3.0,6.0,9.619788758288394
23,CHEMBL77995,CNC(=O)[C@@H](NC(=O)C(CCc1ccccc1)CP(=O)(O)Cc1ccc(Cc2ccccc2OC)cc1)C(C)(C)C,active,578.6900000000002,5.582300000000006,3.0,4.0,8.397940008672037
24,CHEMBL78233,CNC(=O)[C@@H](NC(=O)C(CCc1ccccc1)CP(=O)(O)Cc1ccccc1)C(C)(C)C,active,458.5390000000002,3.9829000000000025,3.0,3.0,7.031517051446065
25,CHEMBL308277,CNC(=O)[C@@H](NC(=O)C(CCc1ccc(Cl)cc1)CP(=O)(O)Cc1ccc(Cc2ccccc2OC)cc1)C(C)(C)C,active,613.1350000000001,6.235700000000008,3.0,4.0,8.301029995663981
26,CHEMBL298647,O=C(CN1Cc2c(Cl)cccc2NC1=O)NO,inactive,255.66100000000003,1.1928999999999998,3.0,3.0,4.0
27,CHEMBL299946,O=C(CN1Cc2c(Cl)cccc2NS1(=O)=O)NO,inactive,291.716,0.3176999999999998,3.0,4.0,4.0
28,CHEMBL181817,CC1CCC(OC(=O)NC(=O)c2cc(-c3ccc(OC(F)(F)F)cc3)cs2)CC1,active,427.4440000000001,5.7588000000000035,1.0,5.0,6.3979400086720375
29,CHEMBL179285,O=C(N[C@@H](C(=O)O)c1ccccc1)c1cc(-c2ccc(-c3ccncc3)cc2)cs1,active,414.4860000000001,5.032800000000003,2.0,4.0,7.853871964321762
30,CHEMBL368013,O=C(NCCN1CCOCC1)c1cc(-c2ccc(-c3ccccc3)cc2)cs1,active,392.52400000000006,4.144100000000004,1.0,4.0,6.3979400086720375
31,CHEMBL367148,Cc1ccc(COC(=O)NC(=O)c2cc(-c3ccc(OC(F)(F)F)cc3)cs2)cc1,active,435.42300000000006,5.6887200000000036,1.0,5.0,6.3979400086720375
32,CHEMBL181682,COc1ccc(-c2csc(C(=O)NCCN3CCOCC3)c2)cc1,inactive,346.4520000000001,2.4857000000000005,1.0,5.0,4.886056647693163
33,CHEMBL181682,COc1ccc(-c2csc(C(=O)NCCN3CCOCC3)c2)cc1,active,346.4520000000001,2.4857000000000005,1.0,5.0,6.638272163982407
34,CHEMBL179177,Cc1ccc(COC(=O)NC(=O)c2cc(-c3ccc(-c4ccccc4)cc3)cs2)cc1,active,427.5250000000001,6.457120000000005,1.0,4.0,7.154901959985743
35,CHEMBL182038,O=C(NCCN1CCOCC1)c1cc(-c2ccc(-c3ccncc3)cc2)cs1,active,393.51200000000006,3.539100000000003,1.0,5.0,7.0
36,CHEMBL182038,O=C(NCCN1CCOCC1)c1cc(-c2ccc(-c3ccncc3)cc2)cs1,active,393.51200000000006,3.539100000000003,1.0,5.0,7.0
37,CHEMBL180762,Cc1ccc(COC(=O)NC(=O)c2cc(-c3ccc(-c4ccccc4O)cc3)cs2)cc1,active,443.5240000000001,6.162720000000005,2.0,5.0,7.154901959985743
38,CHEMBL180875,O=C(NCCN1CCOCC1)c1cc(-c2ccc(C3CCCCC3)cc2)cs1,active,398.57200000000023,4.524800000000004,1.0,4.0,6.337242168318426
39,CHEMBL178652,O=C(N[C@@H](C(=O)O)c1ccccc1)c1cc(-c2ccc(OC(F)(F)F)cc2)cs1,active,421.3960000000001,4.869400000000002,2.0,4.0,6.7447274948966935
41,CHEMBL181878,CC(=O)c1ccc(-c2ccc(-c3csc(C(=O)NCCN4CCOCC4)c3)cc2)cc1,active,434.56100000000026,4.346700000000003,1.0,5.0,7.2441251443275085
42,CHEMBL183410,CCOCCC1(Oc2ccc(Oc3ccc(-c4nnco4)cc3)cc2)C(=O)NC(=O)C(N)C1=O,active,466.4500000000002,1.6258999999999995,2.0,10.0,7.5376020021010435
43,CHEMBL366111,O=C(NO)[C@@]1(O)COCC[C@H]1S(=O)(=O)c1ccc(OCc2ccc(Cl)cc2Cl)cc1,active,476.3340000000002,2.371500000000001,3.0,7.0,9.022276394711152
44,CHEMBL199666,CCCCCCC(CC(=O)O)C(=O)c1ccc(C#Cc2ccc(Cl)cc2)cc1,active,396.9140000000001,5.983800000000006,1.0,2.0,6.698970004336019
45,CHEMBL19611,CNC(=O)[C@H](Cc1c[nH]c2ccccc12)NC(=O)[C@@H](CC(=O)NO)CC(C)C,active,388.4680000000002,1.4989999999999999,5.0,4.0,7.886056647693163
47,CHEMBL201206,O=C(O)CC(Cc1ccccc1)C(=O)c1ccc(C#Cc2ccccc2)cc1,active,368.4320000000001,4.602700000000003,1.0,2.0,6.221848749616356
48,CHEMBL379247,O=C(O)CC(CC1CCCC1)C(=O)c1ccc(C#Cc2ccccc2)cc1,active,360.45300000000003,4.940300000000004,1.0,2.0,6.494850021680094
49,CHEMBL201298,CCCCCCC(CC(=O)O)C(=O)c1ccc(C#Cc2ccccc2)cc1,active,362.46900000000005,5.3304000000000045,1.0,2.0,6.346787486224656
50,CHEMBL202875,CCC(CC(=O)O)C(=O)c1ccc(C#Cc2ccccc2)cc1,active,306.361,3.7700000000000022,1.0,2.0,6.318758762624412
52,CHEMBL199314,O=C(O)CCC(=O)c1ccc(C#CCOCc2ccccc2)cc1,inactive,322.35999999999996,3.3024000000000022,1.0,3.0,4.589391457431632
53,CHEMBL373275,CCCCCCCCC#Cc1ccc(C(=O)CCC(=O)O)cc1,inactive,314.425,4.836200000000004,1.0,2.0,4.903785414653595
54,CHEMBL203199,O=C(O)CCC(=O)c1ccc(C#CCO)cc1,inactive,232.23499999999999,1.0779,2.0,3.0,4.6074789100680675
56,CHEMBL394363,Brc1cc(-c2nccc3[nH]cnc23)[nH]c1Br,inactive,341.994,3.4779999999999998,2.0,2.0,4.360513510731414
57,CHEMBL230085,CN(C)c1nc2c(-c3cc(Br)c(Br)[nH]3)nccc2[nH]1,inactive,385.063,3.5440000000000014,2.0,3.0,4.0
58,CHEMBL230084,CNc1nc2c(-c3cc(Br)c(Br)[nH]3)nccc2n1C,inactive,385.063,3.530100000000002,2.0,3.0,4.0
59,CHEMBL394362,Cn1c(N)nc2c(-c3cc(Br)c(Br)[nH]3)nccc21,inactive,371.036,3.0706000000000007,2.0,3.0,4.244887733604929
60,CHEMBL395712,CNc1nc2c(-c3cc(Br)c(Br)[nH]3)nccc2[nH]1,inactive,371.03599999999994,3.519700000000001,3.0,3.0,4.982966660701219
61,CHEMBL230196,Cn1c(-c2nccc3[nH]c(N)nc23)cc(Br)c1Br,inactive,371.036,3.0706000000000007,2.0,3.0,4.0
62,CHEMBL230194,Nc1nc2c(-c3ccc[nH]3)nccc2[nH]1,inactive,199.21699999999998,1.5351999999999997,3.0,3.0,4.0
63,CHEMBL395799,Nc1nc2c(-c3ccc(Br)[nH]3)nccc2[nH]1,inactive,278.113,2.2976999999999994,3.0,3.0,4.0
64,CHEMBL231012,Nc1nc2c(-c3cc(Br)c[nH]3)nccc2[nH]1,inactive,278.113,2.2976999999999994,3.0,3.0,4.0
65,CHEMBL12318,O=P(O)(O)C(Cl)(Cl)P(=O)(O)O,inactive,244.891,0.43070000000000036,4.0,2.0,3.9172146296835497
67,CHEMBL237366,COc1ccc(C2=NNC3(S2)C(=O)N(c2ccccc2C)c2ccc(C)cc23)cc1,inactive,415.5180000000002,4.841340000000004,1.0,5.0,4.657577319177793
68,CHEMBL401435,COc1ccc(C2=NNC3(S2)C(=O)N(Cc2ccccc2)c2ccc(C)cc23)cc1,inactive,415.51800000000014,4.401420000000003,1.0,5.0,4.657577319177793
70,CHEMBL290377,CNC(=O)[C@@H](NC(=O)C(CCc1ccccc1)CP(=O)(O)Cc1ccc(Cc2ccccc2)cc1)C(C)(C)C,active,548.6640000000002,5.573700000000006,3.0,3.0,8.090016305060155
71,CHEMBL78233,CNC(=O)[C@@H](NC(=O)C(CCc1ccccc1)CP(=O)(O)Cc1ccccc1)C(C)(C)C,active,458.5390000000002,3.9829000000000025,3.0,3.0,7.029978734171634
72,CHEMBL308277,CNC(=O)[C@@H](NC(=O)C(CCc1ccc(Cl)cc1)CP(=O)(O)Cc1ccc(Cc2ccccc2OC)cc1)C(C)(C)C,active,613.1350000000001,6.235700000000008,3.0,4.0,8.299988937677888
73,CHEMBL77995,CNC(=O)[C@@H](NC(=O)C(CCc1ccccc1)CP(=O)(O)Cc1ccc(Cc2ccccc2OC)cc1)C(C)(C)C,active,578.6900000000002,5.582300000000006,3.0,4.0,8.400007822415901
74,CHEMBL77163,CNC(=O)[C@@H](NC(=O)C(CCc1ccc(Cl)cc1)CP(=O)(O)Cc1ccc(Cc2ccccc2)cc1)C(C)(C)C,active,583.1090000000002,6.227100000000007,3.0,3.0,8.770062314092065
75,CHEMBL445939,CC(C)OC(=O)c1cccc(=O)[nH]1,inactive,181.191,0.9400999999999999,1.0,3.0,4.173925197299174
76,CHEMBL428762,C(=C/c1ccccc1)\Cn1nnc(Cc2cccnc2)n1,inactive,277.33099999999996,2.3723,0.0,4.0,3.8239087409443187
77,CHEMBL400358,c1ccc(CCCn2nnc(Cc3cccnc3)n2)cc1,inactive,279.34700000000004,2.2917000000000005,0.0,4.0,3.8239087409443187
78,CHEMBL251465,c1ccc(CCn2nnc(Cc3cccnc3)n2)cc1,inactive,265.32000000000005,1.9016,0.0,4.0,3.8239087409443187
79,CHEMBL399998,c1cncc(Cc2nn[nH]n2)c1,inactive,161.16800000000003,0.18549999999999994,1.0,4.0,3.8239087409443187
80,CHEMBL249249,C(=C/c1ccccc1)\Cn1cc(C2=NCCO2)nn1,inactive,254.29299999999995,1.7682999999999995,0.0,4.0,4.214670164989233
81,CHEMBL249863,c1ccc(CCCn2cc(C3=NCCO3)nn2)cc1,inactive,256.30899999999997,1.6877,0.0,4.0,3.8239087409443187
82,CHEMBL400851,c1ccc(CCn2cc(C3=NCCO3)nn2)cc1,inactive,242.28199999999998,1.2975999999999999,0.0,4.0,3.8239087409443187
83,CHEMBL249862,c1ccc(Cn2cc(C3=NCCO3)nn2)cc1,inactive,228.25499999999997,1.1032,0.0,4.0,3.8239087409443187
84,CHEMBL249861,CCCCCCn1cc(C2=NCCO2)nn1,inactive,222.29199999999997,1.6352,0.0,4.0,3.8239087409443187
85,CHEMBL249860,C1=C(n2cc(C3=NCCO3)nn2)CCCC1,inactive,218.25999999999996,1.4698,0.0,4.0,3.8239087409443187
86,CHEMBL249859,CCCCCCOC(=O)c1cccc(S)n1,inactive,239.34000000000003,3.1074000000000024,1.0,4.0,3.9788107009300617
87,CHEMBL399999,O=C(Oc1ccsc1)c1cccc(S)n1,inactive,237.305,2.651000000000001,1.0,5.0,4.031517051446065
88,CHEMBL250070,O=C(OCc1ccc(Oc2ccccc2)cc1)c1cccc(S)n1,inactive,337.40000000000003,4.519600000000003,1.0,5.0,3.962573502059376
89,CHEMBL250069,O=C(OCc1cccc(Oc2ccccc2)c1)c1cccc(S)n1,inactive,337.40000000000003,4.519600000000003,1.0,5.0,4.1487416512809245
90,CHEMBL251426,O=C(OCc1cccc(-c2ccccc2)c1)c1cccc(S)n1,inactive,321.401,4.394300000000003,1.0,4.0,4.2839966563652006
91,CHEMBL251425,O=C(OCc1ccc(-c2ccccc2)cc1)c1cccc(S)n1,inactive,321.401,4.394300000000003,1.0,4.0,3.869666231504994
92,CHEMBL251424,O=C(Oc1ccc2ccccc2c1)c1cccc(S)n1,inactive,281.33599999999996,3.7427000000000015,1.0,4.0,3.9956786262173574
93,CHEMBL251423,O=C(Oc1cccc2ccccc12)c1cccc(S)n1,inactive,281.33599999999996,3.7427000000000015,1.0,4.0,3.8239087409443187
94,CHEMBL399997,O=C(OCc1ccccc1Br)c1cccc(S)n1,inactive,324.19899999999996,3.489800000000002,1.0,4.0,3.8239087409443187
95,CHEMBL251081,O=C(OCc1ccc(Cl)cc1)c1cccc(S)n1,inactive,279.748,3.3807000000000014,1.0,4.0,3.939302159646388
96,CHEMBL250059,O=C(OCc1cc(F)c(F)cc1F)c1cccc(S)n1,inactive,299.27299999999997,3.144600000000001,1.0,4.0,3.9746941347352296
97,CHEMBL400449,O=C(OCc1cc(F)ccc1F)c1cccc(S)n1,inactive,281.28299999999996,3.005500000000002,1.0,4.0,4.769551078621726
98,CHEMBL250058,O=C(OCc1c(F)cccc1F)c1cccc(S)n1,inactive,281.28299999999996,3.005500000000002,1.0,4.0,3.896196279044043
99,CHEMBL250057,O=C(OCc1ccc(F)cc1)c1cccc(S)n1,inactive,263.293,2.866400000000002,1.0,4.0,3.9507819773298185
100,CHEMBL254611,O=C(OCc1cccc(F)c1)c1cccc(S)n1,inactive,263.293,2.866400000000002,1.0,4.0,3.8210230527068307
101,CHEMBL254610,O=C(OCCCCOc1ccccc1)c1cccc(S)n1,inactive,303.38300000000004,3.3863000000000025,1.0,5.0,4.107905397309519
102,CHEMBL399908,COc1ccc(COC(=O)c2cccc(S)n2)cc1,inactive,275.329,2.735900000000001,1.0,5.0,4.017728766960432
103,CHEMBL254406,COc1cccc(COC(=O)c2cccc(S)n2)c1,inactive,275.329,2.735900000000001,1.0,5.0,4.107905397309519
104,CHEMBL398662,O=C(OCc1ccc(C(F)(F)F)cc1)c1cccc(S)n1,inactive,313.29999999999995,3.7461000000000015,1.0,4.0,4.026872146400302
105,CHEMBL254405,O=C(OCc1cccc(C(F)(F)F)c1)c1cccc(S)n1,inactive,313.29999999999995,3.7461000000000015,1.0,4.0,3.8728952016351923
106,CHEMBL254404,Cc1ccc(COC(=O)c2cccc(S)n2)cc1,inactive,259.33000000000004,3.0357200000000013,1.0,4.0,4.0915149811213505
107,CHEMBL254403,Cc1cccc(COC(=O)c2cccc(S)n2)c1,inactive,259.33000000000004,3.0357200000000013,1.0,4.0,4.154901959985743
108,CHEMBL252523,O=C(OCCCc1ccccc1)c1cccc(S)n1,inactive,273.35699999999997,3.1599000000000026,1.0,4.0,4.070581074285707
109,CHEMBL252522,O=C(OCCc1ccccc1)c1cccc(S)n1,inactive,259.33,2.7698000000000014,1.0,4.0,3.9318141382538383
110,CHEMBL402720,O=C(OCc1ccccc1)c1cccc(S)n1,inactive,245.303,2.727300000000001,1.0,4.0,4.086186147616283
111,CHEMBL442286,O=C(OC1CCCCC1)c1cccc(S)n1,inactive,237.32400000000004,2.859800000000002,1.0,4.0,4.060480747381382
112,CHEMBL252327,O=C(OC1CCC1)c1cccc(S)n1,inactive,209.27000000000004,2.0796000000000006,1.0,4.0,3.8239087409443187
113,CHEMBL404205,CC(C)OC(=O)c1cccc(S)n1,inactive,197.25900000000001,1.9354999999999998,1.0,4.0,3.835647144215563
114,CHEMBL252326,CCCCCOC(=O)c1cccc(=O)[nH]1,inactive,209.245,1.7219,1.0,3.0,4.167491087293763
115,CHEMBL254821,O=C(Oc1ccco1)c1cccc(=O)[nH]1,inactive,205.16899999999998,1.1870999999999998,1.0,4.0,4.119186407719209
116,CHEMBL398838,O=C(Oc1ccsc1)c1cccc(=O)[nH]1,inactive,221.237,1.6555999999999997,1.0,4.0,4.207608310501746
117,CHEMBL254039,O=C(Oc1cccs1)c1cccc(=O)[nH]1,inactive,221.237,1.6555999999999997,1.0,4.0,4.187086643357144
118,CHEMBL254038,O=C(OCc1cccc(Oc2ccccc2)c1)c1cccc(=O)[nH]1,inactive,321.33200000000005,3.524200000000002,1.0,4.0,3.9281179926938745
119,CHEMBL253835,O=C(OCc1cccc(-c2ccccc2)c1)c1cccc(=O)[nH]1,inactive,305.333,3.398900000000001,1.0,3.0,4.00436480540245
120,CHEMBL253189,O=C(OCc1ccc2c(c1)OCO2)c1cccc(=O)[nH]1,inactive,273.24399999999997,1.4606,1.0,5.0,3.9788107009300617
121,CHEMBL253188,O=C(Oc1ccc2ccccc2c1)c1cccc(=O)[nH]1,inactive,265.268,2.7473,1.0,3.0,4.013228265733755
122,CHEMBL399504,O=C(Oc1cccc2ccccc12)c1cccc(=O)[nH]1,inactive,265.268,2.747300000000001,1.0,3.0,3.9546770212133424
123,CHEMBL254657,O=C(OC/C=C/c1ccccc1)c1cccc(=O)[nH]1,inactive,255.273,2.2451,1.0,3.0,4.154901959985743
124,CHEMBL254448,O=C(OCc1ccc(Br)cc1)c1cccc(=O)[nH]1,inactive,308.13100000000003,2.4943999999999997,1.0,3.0,3.9788107009300617
125,CHEMBL254240,O=C(OCc1cccc(Br)c1)c1cccc(=O)[nH]1,inactive,308.131,2.4943999999999997,1.0,3.0,4.508638306165727
126,CHEMBL254239,O=C(OCc1ccccc1Br)c1cccc(=O)[nH]1,inactive,308.131,2.4944000000000006,1.0,3.0,4.356547323513812
127,CHEMBL254238,O=C(OCc1ccc(Cl)cc1)c1cccc(=O)[nH]1,inactive,263.67999999999995,2.3853,1.0,3.0,4.327902142064283
128,CHEMBL253823,O=C(OCc1cccc(Cl)c1)c1cccc(=O)[nH]1,inactive,263.67999999999995,2.3853,1.0,3.0,4.337242168318426
129,CHEMBL399685,O=C(OCc1ccccc1Cl)c1cccc(=O)[nH]1,inactive,263.67999999999995,2.3853,1.0,3.0,4.167491087293763
130,CHEMBL253820,O=C(OCc1c(F)c(F)c(F)c(F)c1F)c1cccc(=O)[nH]1,inactive,319.185,2.4274000000000004,1.0,3.0,4.200659450546418
131,CHEMBL253605,O=C(OCc1c(F)cc(F)cc1F)c1cccc(=O)[nH]1,inactive,283.205,2.1492,1.0,3.0,4.508638306165727
132,CHEMBL399684,O=C(OCc1cc(F)cc(F)c1)c1cccc(=O)[nH]1,inactive,265.215,2.0100999999999996,1.0,3.0,4.698970004336019
133,CHEMBL399304,O=C(OCc1cc(F)ccc1F)c1cccc(=O)[nH]1,inactive,265.215,2.0101,1.0,3.0,4.0
134,CHEMBL253375,O=C(OCc1c(F)cccc1F)c1cccc(=O)[nH]1,inactive,265.215,2.0101,1.0,3.0,4.221848749616356
135,CHEMBL253374,O=C(OCc1ccc(F)cc1)c1cccc(=O)[nH]1,inactive,247.22500000000002,1.8709999999999998,1.0,3.0,4.187086643357144
136,CHEMBL398892,O=C(OCc1cccc(F)c1)c1cccc(=O)[nH]1,inactive,247.225,1.8709999999999998,1.0,3.0,4.795880017344075
137,CHEMBL253373,O=C(OCc1ccccc1F)c1cccc(=O)[nH]1,inactive,247.22499999999997,1.8709999999999998,1.0,3.0,4.167491087293763
138,CHEMBL253372,O=C(OCCCCOc1ccccc1)c1cccc(=O)[nH]1,inactive,287.31500000000005,2.3909000000000002,1.0,4.0,4.086186147616283
139,CHEMBL438519,O=C(OCCOc1ccccc1)c1cccc(=O)[nH]1,inactive,259.26099999999997,1.6106999999999998,1.0,4.0,4.102372908709558
140,CHEMBL253172,COc1ccc(COC(=O)c2cccc(=O)[nH]2)cc1,inactive,259.261,1.7405,1.0,4.0,3.9788107009300617
141,CHEMBL252965,COc1cccc(COC(=O)c2cccc(=O)[nH]2)c1,inactive,259.26099999999997,1.7405,1.0,4.0,4.161150909262744
142,CHEMBL1162966,O=C(OCc1ccc(C(F)(F)F)cc1)c1cccc(=O)[nH]1,inactive,297.23199999999997,2.750700000000001,1.0,3.0,4.1938200260161125
143,CHEMBL254006,O=C(OCc1cccc(C(F)(F)F)c1)c1cccc(=O)[nH]1,inactive,297.23199999999997,2.750700000000001,1.0,3.0,4.086186147616283
144,CHEMBL253801,Cc1ccc(COC(=O)c2cccc(=O)[nH]2)cc1,inactive,243.26200000000003,2.04032,1.0,3.0,4.161150909262744
145,CHEMBL255051,O=C(OCCc1ccccc1)c1cccc(=O)[nH]1,inactive,243.262,1.7744,1.0,3.0,4.167491087293763
146,CHEMBL399070,O=C(OCc1ccccc1)c1cccc(=O)[nH]1,inactive,229.23499999999999,1.7318999999999998,1.0,3.0,4.161150909262744
147,CHEMBL254838,O=C(OC1CCCCC1)c1cccc(=O)[nH]1,inactive,221.25600000000003,1.8643999999999998,1.0,3.0,4.1487416512809245
148,CHEMBL254837,CC#CCOC(=O)c1cccc(=O)[nH]1,inactive,191.186,0.5549999999999999,1.0,3.0,4.1487416512809245
149,CHEMBL254627,CC(C)=CCOC(=O)c1cccc(=O)[nH]1,inactive,207.229,1.4979,1.0,3.0,4.173925197299174
150,CHEMBL251937,O=C(OC1CCC1)c1cccc(=O)[nH]1,inactive,193.20200000000003,1.0842,1.0,3.0,4.292429823902063
151,CHEMBL398450,O=C(OCc1cc(F)c(F)cc1F)c1cccc(=O)[nH]1,inactive,283.205,2.1492,1.0,3.0,4.251811972993799
152,CHEMBL400850,CCCCCCCn1cc(C2=NCCO2)nn1,inactive,236.319,2.0252999999999997,0.0,4.0,3.8239087409443187
153,CHEMBL400357,c1ccc(Cn2nnc(Cc3cccnc3)n2)cc1,inactive,251.29300000000003,1.7071999999999998,0.0,4.0,3.8239087409443187
154,CHEMBL402436,CSc1nc2ccccc2n1Cc1ccc(C(=O)N[C@@H]2CN(C(=O)OC(C)(C)C)C[C@@H]2C(=O)NO)cc1,active,525.6310000000003,3.2772000000000006,3.0,7.0,6.267606240177032
155,CHEMBL403186,Cc1nc2ccccc2n1Cc1ccc(C(=O)N[C@@H]2CN(C(=O)OC(C)(C)C)C[C@@H]2C(=O)NO)cc1,active,493.56400000000025,2.86372,3.0,6.0,6.6020599913279625
156,CHEMBL447787,CC(C)c1nc2ccccc2n1Cc1ccc(C(=O)N[C@@H]2CN(C(=O)OC(C)(C)C)C[C@@H]2C(=O)NO)cc1,active,521.6180000000003,3.678700000000002,3.0,6.0,6.4089353929735005
158,CHEMBL409536,O=C(OCc1ccccc1)c1cn2c(=O)n(Cc3ccccc3)c(=O)cc2s1,inactive,392.43600000000004,2.9280000000000017,0.0,5.0,4.0
159,CHEMBL270083,N[C@H]1CCCC[C@H]1NC(=O)P(=O)(O)O,inactive,222.18099999999998,0.14359999999999984,4.0,3.0,4.0
160,CHEMBL270296,N[C@@H]1CCCC[C@H]1NC(=O)P(=O)(O)O,inactive,222.18099999999998,0.14359999999999984,4.0,3.0,4.0
161,CHEMBL409536,O=C(OCc1ccccc1)c1cn2c(=O)n(Cc3ccccc3)c(=O)cc2s1,inactive,392.43600000000004,2.9280000000000017,0.0,5.0,4.0
162,CHEMBL19611,CNC(=O)[C@H](Cc1c[nH]c2ccccc12)NC(=O)[C@@H](CC(=O)NO)CC(C)C,active,388.4680000000002,1.4989999999999999,5.0,4.0,8.292429823902063
163,CHEMBL496942,Cn1c(=O)n(Cc2ccc(C(=O)O)cc2)c(=O)c2cc(C#CCc3ccccc3)ccc21,inactive,424.4560000000002,3.0409000000000006,1.0,3.0,4.0
165,CHEMBL508461,O=C(O)C[C@@H](NC(=O)c1cc(-c2ccc(-c3ccncc3)cc2)cs1)c1ccccc1,active,428.5130000000001,5.422900000000005,2.0,4.0,7.853871964321762
166,CHEMBL270083,N[C@H]1CCCC[C@H]1NC(=O)P(=O)(O)O,inactive,222.18099999999998,0.14359999999999984,4.0,3.0,4.0
167,CHEMBL497985,CN1CC2(CC2)C[C@H](C(=O)NO)[C@H]1C(=O)N1CCN(c2ccc(C(F)(F)F)cn2)CC1,active,441.4540000000001,1.3548999999999998,2.0,6.0,6.248720896016658
168,CHEMBL434567,COC(=O)N1CC2(CC2)C[C@H](C(=O)NO)[C@H]1C(=O)N1CC=C(c2ccccc2)CC1,active,413.4740000000002,2.0448000000000004,2.0,5.0,7.769551078621726
169,CHEMBL401435,COc1ccc(C2=NNC3(S2)C(=O)N(Cc2ccccc2)c2ccc(C)cc23)cc1,inactive,415.51800000000014,4.401420000000003,1.0,5.0,4.657577319177793
170,CHEMBL187523,CC(C)[C@H](NS(=O)(=O)c1ccc(-c2ccc(NC(=O)c3cc4ccccc4o3)cc2)cc1)C(=O)O,active,492.5530000000002,4.739600000000003,3.0,5.0,7.853871964321762
171,CHEMBL449228,CC(C)[C@@H](NS(=O)(=O)c1ccc2oc3ccccc3c2c1)C(=O)O,active,347.3920000000001,2.9735000000000005,2.0,4.0,7.42021640338319
172,CHEMBL515439,CC(C)[C@H](NS(=O)(=O)c1ccc2oc3ccccc3c2c1)C(=O)O,active,347.3920000000001,2.9735000000000005,2.0,4.0,6.221848749616356
173,CHEMBL475230,CC(C)[C@@H](NS(=O)(=O)c1ccc2oc3cc(NS(C)(=O)=O)ccc3c2c1)C(=O)O,active,440.4990000000002,2.3449999999999998,3.0,6.0,7.958607314841775
174,CHEMBL475231,CC(C)[C@H](NS(=O)(=O)c1ccc2oc3cc(NS(C)(=O)=O)ccc3c2c1)C(=O)O,active,440.4990000000002,2.3449999999999998,3.0,6.0,6.769551078621726
175,CHEMBL474397,CC(C)[C@@H](NS(=O)(=O)c1ccc2oc3cc(NS(=O)(=O)C(C)C)ccc3c2c1)C(=O)O,active,468.5530000000002,3.1236000000000015,3.0,6.0,7.301029995663981
177,CHEMBL473610,CC(C)[C@@H](NS(=O)(=O)c1ccc2oc3cc(NS(=O)(=O)c4ccccc4)ccc3c2c1)C(=O)O,active,502.5700000000002,3.774300000000002,3.0,6.0,7.0
178,CHEMBL473611,CC(C)[C@H](NS(=O)(=O)c1ccc2c(c1)oc1ccc(NS(C)(=O)=O)cc12)C(=O)O,active,440.49900000000014,2.3449999999999998,3.0,6.0,7.987162775294828
179,CHEMBL475619,CC(C)[C@H](NS(=O)(=O)c1ccc2c(c1)oc1ccc(NS(=O)(=O)CC(F)(F)F)cc12)C(=O)O,active,508.49600000000015,3.2775000000000007,3.0,6.0,7.154901959985743
180,CHEMBL474456,COC(=O)Nc1ccc2c(c1)oc1ccc(S(=O)(=O)N[C@@H](C(=O)O)C(C)C)cc12,active,420.44300000000015,3.1518000000000015,3.0,6.0,8.142667503568731
181,CHEMBL474457,CCCOC(=O)Nc1ccc2c(c1)oc1ccc(S(=O)(=O)N[C@@H](C(=O)O)C(C)C)cc12,active,448.4970000000001,3.932000000000002,3.0,6.0,7.853871964321762
182,CHEMBL474622,CC(C)OC(=O)Nc1ccc2c(c1)oc1ccc(S(=O)(=O)N[C@@H](C(=O)O)C(C)C)cc12,active,448.4970000000002,3.9304000000000014,3.0,6.0,7.4089353929735005
183,CHEMBL492314,CC(C)[C@@H](NS(=O)(=O)c1ccc2oc3cc(NC(=O)Oc4ccccc4)ccc3c2c1)C(=O)O,active,482.51400000000024,4.584400000000003,3.0,6.0,7.346787486224656
186,CHEMBL523034,COC(=O)Nc1ccc2oc3cc(S(=O)(=O)N[C@H](C(=O)O)C(C)C)ccc3c2c1,active,420.44300000000015,3.1518000000000015,3.0,6.0,8.698970004336019
187,CHEMBL523035,CCOC(=O)Nc1ccc2oc3cc(S(=O)(=O)N[C@H](C(=O)O)C(C)C)ccc3c2c1,active,434.47000000000014,3.541900000000002,3.0,6.0,8.301029995663981
188,CHEMBL494528,CCCOC(=O)Nc1ccc2oc3cc(S(=O)(=O)N[C@H](C(=O)O)C(C)C)ccc3c2c1,active,448.4970000000001,3.932000000000002,3.0,6.0,8.2518119729938
189,CHEMBL494529,CC(C)COC(=O)Nc1ccc2oc3cc(S(=O)(=O)N[C@H](C(=O)O)C(C)C)ccc3c2c1,active,462.52400000000017,4.178000000000003,3.0,6.0,8.327902142064282
190,CHEMBL523201,CC(C)[C@H](NS(=O)(=O)c1ccc2c(c1)oc1ccc(NC(=O)OCCF)cc12)C(=O)O,active,452.4600000000002,3.491500000000001,3.0,6.0,8.67778070526608
191,CHEMBL523357,CC(C)[C@H](NS(=O)(=O)c1ccc2c(c1)oc1ccc(NC(=O)Oc3ccccc3)cc12)C(=O)O,active,482.5140000000002,4.584400000000002,3.0,6.0,7.991399828238082
192,CHEMBL493750,CC(C)[C@H](NS(=O)(=O)c1ccc2c(c1)oc1ccc(NC(=O)Oc3ccccc3Cl)cc12)C(=O)O,active,516.9590000000003,5.237800000000004,3.0,6.0,8.18045606445813
193,CHEMBL492531,CC(C)[C@H](NS(=O)(=O)c1ccc2c(c1)oc1ccc(NC(=O)Oc3ccc(F)cc3)cc12)C(=O)O,active,500.5040000000002,4.723500000000003,3.0,6.0,8.09151498112135
194,CHEMBL523670,Cc1ccc(OC(=O)Nc2ccc3oc4cc(S(=O)(=O)N[C@H](C(=O)O)C(C)C)ccc4c3c2)cc1,active,496.5410000000002,4.892820000000003,3.0,6.0,7.853871964321762
195,CHEMBL523001,CC(C)[C@H](NS(=O)(=O)c1ccc2c(c1)oc1ccc(NC(N)=O)cc12)C(=O)O,active,405.43200000000013,2.4641,4.0,5.0,8.119186407719209
196,CHEMBL492952,CC(C)[C@H](NS(=O)(=O)c1ccc2c(c1)oc1ccc(NC(=O)NC3CCCC3)cc12)C(=O)O,active,473.5510000000003,4.037600000000002,4.0,5.0,8.301029995663981
197,CHEMBL523683,CC(C)[C@H](NS(=O)(=O)c1ccc2c(c1)oc1ccc(NC(=O)Nc3ccsc3)cc12)C(=O)O,active,487.55900000000014,4.679000000000003,4.0,6.0,9.045757490560675
198,CHEMBL493356,CC(C)[C@H](NS(=O)(=O)c1ccc2c(c1)oc1ccc(NC(=O)NCCc3cccs3)cc12)C(=O)O,active,515.6130000000003,4.399200000000002,4.0,6.0,8.958607314841775
199,CHEMBL493958,COC(=O)Nc1ccc2c(c1)oc1cc(S(=O)(=O)N[C@H](C(=O)O)C(C)C)ccc12,active,420.4430000000001,3.1518000000000015,3.0,6.0,7.920818753952375
200,CHEMBL492904,CC(C)[C@H](NS(=O)(=O)c1ccc2c(c1)oc1cc(NC(=O)OCCF)ccc12)C(=O)O,active,452.4600000000002,3.491500000000001,3.0,6.0,8.0
201,CHEMBL492905,CC(C)[C@H](NS(=O)(=O)c1ccc2c(c1)oc1cc(NC(=O)Oc3ccc(F)cc3)ccc12)C(=O)O,active,500.5040000000002,4.723500000000003,3.0,6.0,7.795880017344075
202,CHEMBL449325,COc1ccc2nc[nH]c2c1,inactive,148.165,1.5715,1.0,2.0,2.6989700043360187
203,CHEMBL19611,CNC(=O)[C@H](Cc1c[nH]c2ccccc12)NC(=O)[C@@H](CC(=O)NO)CC(C)C,active,388.4680000000002,1.4989999999999999,5.0,4.0,9.0
204,CHEMBL156406,O=C1NC(=O)C(c2ccccc2)N1,active,176.175,0.5670999999999999,2.0,2.0,6.5376020021010435
205,CHEMBL485691,Cc1ccc2c(c1)NC(=O)CO2,inactive,163.176,1.3259199999999995,1.0,2.0,3.449771646944906
206,CHEMBL485690,Cc1nc(-c2ccc3c(c2)CCC(=O)N3)cs1,inactive,244.31899999999996,3.0032200000000016,1.0,3.0,2.3010299956639813
207,CHEMBL503690,Cn1cc2c(n1)-c1cc(Cl)ccc1SC2,inactive,236.727,3.3462000000000014,0.0,2.0,3.0
209,CHEMBL460899,NC(=O)CC1CCCc2sc3nc(C(=O)NCc4ccc5c(c4)NC(=O)CO5)[nH]c(=O)c3c21,inactive,467.50700000000023,1.5407999999999995,4.0,7.0,5.0
210,CHEMBL4859268,CC(C)(Cc1ccc(F)cc1)NC(=O)[C@H](CCC(=O)O)NC(=O)c1ccc(-c2ccccc2)cc1,inactive,476.5480000000002,4.593400000000003,3.0,3.0,4.6020599913279625
211,CHEMBL187523,CC(C)[C@H](NS(=O)(=O)c1ccc(-c2ccc(NC(=O)c3cc4ccccc4o3)cc2)cc1)C(=O)O,active,492.5530000000002,4.739600000000003,3.0,5.0,7.853871964321762
212,CHEMBL523034,COC(=O)Nc1ccc2oc3cc(S(=O)(=O)N[C@H](C(=O)O)C(C)C)ccc3c2c1,active,420.44300000000015,3.1518000000000015,3.0,6.0,8.698970004336019
213,CHEMBL449228,CC(C)[C@@H](NS(=O)(=O)c1ccc2oc3ccccc3c2c1)C(=O)O,active,347.3920000000001,2.9735000000000005,2.0,4.0,7.42021640338319
214,CHEMBL515439,CC(C)[C@H](NS(=O)(=O)c1ccc2oc3ccccc3c2c1)C(=O)O,active,347.3920000000001,2.9735000000000005,2.0,4.0,6.221848749616356
215,CHEMBL570310,CC(C)[C@@H](NS(=O)(=O)c1ccc2sc3ccccc3c2c1)C(=O)O,active,363.4600000000001,3.442000000000001,2.0,4.0,7.060480747381382
216,CHEMBL551190,CC(C)[C@H](NS(=O)(=O)c1ccc2sc3ccccc3c2c1)C(=O)O,active,363.4600000000001,3.442000000000001,2.0,4.0,6.1249387366083
219,CHEMBL562850,CC(C)[C@@H](NS(=O)(=O)c1ccc2c(c1)sc1ccc(NS(C)(=O)=O)cc12)C(=O)O,active,456.5670000000002,2.8135000000000012,3.0,6.0,7.221848749616356
220,CHEMBL551655,CC(C)[C@H](NS(=O)(=O)c1ccc2c(c1)sc1ccc(NS(C)(=O)=O)cc12)C(=O)O,active,456.5670000000002,2.8135000000000012,3.0,6.0,7.301029995663981
223,CHEMBL561311,COC(=O)Nc1ccc2sc3cc(S(=O)(=O)N[C@@H](C(=O)O)C(C)C)ccc3c2c1,active,436.51100000000014,3.620300000000002,3.0,6.0,8.744727494896694
224,CHEMBL561312,COC(=O)Nc1ccc2sc3cc(S(=O)(=O)N[C@H](C(=O)O)C(C)C)ccc3c2c1,active,436.51100000000014,3.620300000000002,3.0,6.0,9.397940008672037
225,CHEMBL559585,COC(=O)Nc1ccc2c(c1)sc1cc(S(=O)(=O)N[C@@H](C(=O)O)C(C)C)ccc12,active,436.51100000000014,3.620300000000002,3.0,6.0,7.5376020021010435
226,CHEMBL562373,COC(=O)Nc1ccc2c(c1)sc1cc(S(=O)(=O)N[C@H](C(=O)O)C(C)C)ccc12,active,436.51100000000014,3.620300000000002,3.0,6.0,8.045757490560675
227,CHEMBL550562,COC(=O)Nc1ccc2c(c1)oc1cc(S(=O)(=O)N[C@@H](C(=O)O)C(C)C)ccc12,active,420.4430000000001,3.1518000000000015,3.0,6.0,7.954677021213342
228,CHEMBL493958,COC(=O)Nc1ccc2c(c1)oc1cc(S(=O)(=O)N[C@H](C(=O)O)C(C)C)ccc12,active,420.4430000000001,3.1518000000000015,3.0,6.0,7.853871964321762
229,CHEMBL550702,CC(C)[C@H](NS(=O)(=O)c1ccc2c(c1)sc1cc(N)ccc12)C(=O)O,active,378.47500000000014,3.0242000000000004,3.0,5.0,7.376750709602099
230,CHEMBL562374,CCOC(=O)Nc1ccc2c(c1)sc1cc(S(=O)(=O)N[C@@H](C(=O)O)C(C)C)ccc12,active,450.5380000000002,4.010400000000002,3.0,6.0,6.999565922520682
231,CHEMBL561715,CCOC(=O)Nc1ccc2c(c1)sc1cc(S(=O)(=O)N[C@H](C(=O)O)C(C)C)ccc12,active,450.5380000000002,4.010400000000002,3.0,6.0,8.200659450546418
232,CHEMBL559583,CC(C)OC(=O)Nc1ccc2c(c1)sc1cc(S(=O)(=O)N[C@H](C(=O)O)C(C)C)ccc12,active,464.56500000000017,4.398900000000003,3.0,6.0,7.636388020107856
233,CHEMBL550907,CC(C)COC(=O)Nc1ccc2c(c1)sc1cc(S(=O)(=O)N[C@H](C(=O)O)C(C)C)ccc12,active,478.5920000000002,4.646500000000003,3.0,6.0,7.694648630553377
234,CHEMBL552175,CC(C)[C@H](NS(=O)(=O)c1ccc2c(c1)sc1cc(NC(=O)OCCS(C)(=O)=O)ccc12)C(=O)O,active,528.6300000000003,3.035100000000001,3.0,8.0,8.119186407719209
235,CHEMBL563407,C#CCCOC(=O)Nc1ccc2c(c1)sc1cc(S(=O)(=O)N[C@H](C(=O)O)C(C)C)ccc12,active,474.56000000000023,4.0138000000000025,3.0,6.0,8.214670164989233
236,CHEMBL550984,CC(C)[C@H](NS(=O)(=O)c1ccc2c(c1)sc1cc(NC(=O)Oc3ccccc3)ccc12)C(=O)O,active,498.5820000000002,5.052900000000004,3.0,6.0,7.6020599913279625
237,CHEMBL549756,Cc1ccc(OC(=O)Nc2ccc3c(c2)sc2cc(S(=O)(=O)N[C@H](C(=O)O)C(C)C)ccc23)cc1,active,512.6090000000003,5.361320000000004,3.0,6.0,7.440093374963888
238,CHEMBL562114,CC(C)[C@H](NS(=O)(=O)c1ccc2c(c1)sc1cc(NC(=O)Oc3ccc(F)cc3)ccc12)C(=O)O,active,516.5720000000002,5.192000000000004,3.0,6.0,7.552841968657781
239,CHEMBL551110,CCNC(=O)Nc1ccc2c(c1)sc1cc(S(=O)(=O)N[C@H](C(=O)O)C(C)C)ccc12,active,449.55400000000014,3.583400000000002,4.0,5.0,6.585026652029182
240,CHEMBL564897,CC(C)[C@H](NS(=O)(=O)c1ccc2c(c1)sc1cc(NC(=O)NC3CCCC3)ccc12)C(=O)O,active,489.6190000000003,4.506100000000003,4.0,5.0,6.0
241,CHEMBL551187,CC(C)[C@H](NS(=O)(=O)c1ccc2c(c1)sc1cc(NC(=O)NCCc3cccs3)ccc12)C(=O)O,active,531.6810000000003,4.867700000000003,4.0,6.0,6.728158393463501
242,CHEMBL552362,CC(C)[C@H](NS(=O)(=O)c1ccc2c(c1)oc1cc(NC(=O)NCCc3cccs3)ccc12)C(=O)O,active,515.6130000000003,4.399200000000002,4.0,6.0,7.7447274948966935
244,CHEMBL564510,CC(C)[C@H](NS(=O)(=O)c1ccc2c(c1)sc1cc(NC(=O)Nc3ccccc3)ccc12)C(=O)O,active,497.5980000000002,5.086000000000003,4.0,5.0,7.050609993355087
245,CHEMBL563343,CC(C)[C@H](NS(=O)(=O)c1ccc2c(c1)sc1cc(NC(=O)NCc3ccccc3)ccc12)C(=O)O,active,511.6250000000002,4.763700000000003,4.0,5.0,7.467245621007502
246,CHEMBL523035,CCOC(=O)Nc1ccc2oc3cc(S(=O)(=O)N[C@H](C(=O)O)C(C)C)ccc3c2c1,active,434.47000000000014,3.541900000000002,3.0,6.0,8.301029995663981
247,CHEMBL550038,CC(C)[C@H](NS(=O)(=O)c1ccc2c(c1)oc1ccc(N3CCOC3=O)cc12)C(=O)O,active,432.45400000000024,2.9301000000000013,2.0,6.0,8.853871964321762
248,CHEMBL563177,CC(C)[C@H](NS(=O)(=O)c1ccc2c(c1)oc1cc(N3CCOC3=O)ccc12)C(=O)O,active,432.45400000000024,2.9301000000000013,2.0,6.0,8.036212172654444
249,CHEMBL552313,CC(C)[C@H](NS(=O)(=O)c1ccc2c(c1)sc1cc(N3CCOC3=O)ccc12)C(=O)O,active,448.5220000000003,3.398600000000002,2.0,6.0,7.356547323513812
250,CHEMBL553918,CC(C)[C@H](NS(=O)(=O)c1ccc2c(c1)oc1cc(N)ccc12)C(=O)O,active,362.4070000000001,2.5557,3.0,5.0,7.769551078621726
251,CHEMBL573715,COc1ccc(Oc2ccc(S(=O)(=O)c3ccccc3CC(=O)NO)cc2)cc1,active,413.45100000000014,3.3682000000000007,2.0,6.0,9.698970004336019
252,CHEMBL572780,COc1ccc(-c2ccc(S(=O)(=O)c3ccccc3C(C)C(=O)NO)cc2)cc1,active,411.4790000000001,3.8039000000000014,2.0,5.0,8.568636235841012
253,CHEMBL584365,COc1ccc(-c2ccc(S(=O)(=O)c3ccccc3CC(=O)NO)cc2)cc1,active,397.4520000000001,3.2429000000000006,2.0,5.0,8.318758762624412
254,CHEMBL574370,O=C(Cc1ccccc1S(=O)(=O)c1ccc(-c2ccccc2)cc1)NO,active,367.426,3.2343,2.0,4.0,8.221848749616356
255,CHEMBL574605,CC(C(=O)NO)c1ccccc1S(=O)(=O)c1ccc(-c2ccccc2)cc1,active,381.45300000000003,3.795300000000003,2.0,4.0,8.221848749616356
256,CHEMBL573714,COc1ccc(S(=O)(=O)c2ccccc2CC(=O)NO)cc1,active,321.354,1.5758999999999999,2.0,5.0,7.494850021680094
257,CHEMBL573934,COc1ccc(-c2ccc(S(=O)(=O)c3ccccc3C(=O)NO)cc2)cc1,active,383.42500000000007,3.314000000000001,2.0,5.0,7.154901959985743
258,CHEMBL573936,COc1ccc(-c2ccc(S(=O)(=O)c3ccccc3CC(=O)O)cc2)cc1,active,382.4370000000001,3.8221000000000016,1.0,4.0,6.853871964321762
259,CHEMBL584147,COc1ccc(-c2ccc(S(=O)(=O)c3ccccc3C(C)C(=O)O)cc2)cc1,active,396.4640000000001,4.383100000000002,1.0,4.0,6.508638306165727
260,CHEMBL579067,COc1ccc(Oc2ccc(S(=O)(=O)c3ccccc3CC(=O)O)cc2)cc1,active,398.43600000000015,3.947400000000002,1.0,5.0,6.42021640338319
261,CHEMBL574589,O=C(NO)c1ccccc1S(=O)(=O)c1ccc(-c2ccccc2)cc1,active,353.399,3.3054000000000023,2.0,4.0,6.229147988357855
262,CHEMBL584122,COc1ccc(Oc2ccc(S(=O)(=O)c3ccccc3C(=O)NO)cc2)cc1,active,399.4240000000001,3.439300000000001,2.0,6.0,6.036212172654444
267,CHEMBL575895,COc1ccc(S(=O)(=O)c2ccccc2C(=O)NO)cc1,inactive,307.327,1.647,2.0,5.0,4.853871964321762
268,CHEMBL585376,COc1ccc(S(=O)(=O)c2ccccc2CC(=O)O)cc1,inactive,306.339,2.1551,1.0,4.0,4.050609993355087
269,CHEMBL573715,COc1ccc(Oc2ccc(S(=O)(=O)c3ccccc3CC(=O)NO)cc2)cc1,active,413.45100000000014,3.3682000000000007,2.0,6.0,9.050609993355087
270,CHEMBL573715,COc1ccc(Oc2ccc(S(=O)(=O)c3ccccc3CC(=O)NO)cc2)cc1,active,413.45100000000014,3.3682000000000007,2.0,6.0,9.070581074285707
271,CHEMBL573936,COc1ccc(-c2ccc(S(=O)(=O)c3ccccc3CC(=O)O)cc2)cc1,active,382.4370000000001,3.8221000000000016,1.0,4.0,6.769551078621726
272,CHEMBL573936,COc1ccc(-c2ccc(S(=O)(=O)c3ccccc3CC(=O)O)cc2)cc1,active,382.4370000000001,3.8221000000000016,1.0,4.0,6.823908740944319
274,CHEMBL574445,CC(=O)OC(CCc1ccc(-c2ccccc2)cc1)CC(=O)O,inactive,312.3650000000001,3.6926000000000014,1.0,3.0,4.2644011003018205
276,CHEMBL572980,O=C(O)CSCCc1ccc(-c2ccccc2)cc1,inactive,272.369,3.7139000000000024,1.0,2.0,4.928117992693875
279,CHEMBL583588,N#Cc1ccc(-c2ccc(CCC(O)CC(=O)O)cc2)cc1,active,295.33799999999997,2.99348,2.0,3.0,7.0655015487564325
280,CHEMBL584559,CC(=O)c1ccc(-c2ccc(CCC(O)CC(=O)O)cc2)cc1,active,312.36499999999995,3.3244000000000007,2.0,3.0,7.2076083105017466
281,CHEMBL575320,CSc1ccc(-c2ccc(CCC(O)CC(=O)O)cc2)cc1,active,316.42199999999997,3.843700000000002,2.0,3.0,7.236572006437063
282,CHEMBL575534,O=C(O)CC(O)CCc1ccc(-c2ccncc2)cc1,active,271.31600000000003,2.516800000000001,2.0,3.0,7.259637310505756
283,CHEMBL574444,O=C(O)CC(O)CCc1ccc(-c2cc3ccccc3o2)cc1,active,310.34900000000005,3.868000000000002,2.0,3.0,6.7423214251308154
285,CHEMBL575946,O=C(O)CC(O)CCc1ccc(-c2ccc3c(c2)oc2ccccc23)cc1,inactive,360.4090000000001,5.021200000000004,2.0,3.0,4.696803942579511
286,CHEMBL575947,O=C(O)CC(O)CCc1ccc(-c2ccc(Oc3ccccc3)cc2)cc1,inactive,362.425,4.914100000000004,2.0,3.0,4.701146923590294
288,CHEMBL572982,O=C(O)CC(O)CCc1ccc(-c2ccccc2)cc1,active,270.32800000000003,3.121800000000002,2.0,2.0,6.468521082957745
289,CHEMBL572982,O=C(O)CC(O)CCc1ccc(-c2ccccc2)cc1,active,270.32800000000003,3.121800000000002,2.0,2.0,6.102372908709558
290,CHEMBL572982,O=C(O)CC(O)CCc1ccc(-c2ccccc2)cc1,active,270.32800000000003,3.121800000000002,2.0,2.0,6.2839966563652006
292,CHEMBL575881,CC(C)ON([C@@H](C(=O)O)C(C)C)S(=O)(=O)c1ccc(-c2ccccc2)cc1,active,391.4890000000001,3.7935000000000025,1.0,4.0,6.3872161432802645
293,CHEMBL179288,CC(C)ON([C@@H](C(=O)NO)C(C)C)S(=O)(=O)c1ccc(-c2ccccc2)cc1,active,406.5040000000001,3.2143000000000015,2.0,5.0,9.698970004336019
296,CHEMBL395799,Nc1nc2c(-c3ccc(Br)[nH]3)nccc2[nH]1,inactive,278.113,2.2976999999999994,3.0,3.0,4.0
297,CHEMBL231012,Nc1nc2c(-c3cc(Br)c[nH]3)nccc2[nH]1,inactive,278.113,2.2976999999999994,3.0,3.0,4.0
301,CHEMBL576790,Cc1[nH]c(-c2nccc3[nH]c(N)nc23)cc1Br,inactive,292.14,2.6061199999999998,3.0,3.0,4.0
302,CHEMBL578412,Cc1[nH]c(-c2nccc3[nH]c(N)nc23)c(Br)c1Br,inactive,371.036,3.368620000000001,3.0,3.0,4.0
303,CHEMBL571814,Nc1nc2c(-c3cc(Br)c(-c4ccccc4)[nH]3)nccc2[nH]1,inactive,354.211,3.9647000000000014,3.0,3.0,4.0
304,CHEMBL570917,Nc1nc2c(-c3cc(Br)c(-c4cccc(-c5ccccc5)c4)[nH]3)nccc2[nH]1,inactive,430.3090000000001,5.631700000000003,3.0,3.0,4.0
305,CHEMBL569118,Nc1nc2c(-c3cc(Br)c(-c4ccc(-c5ccccc5)cc4)[nH]3)nccc2[nH]1,inactive,430.309,5.631700000000003,3.0,3.0,4.0
306,CHEMBL571149,Cc1cc(-c2nccc3[nH]c(N)nc23)[nH]c1Br,inactive,292.14,2.6061199999999998,3.0,3.0,4.0
308,CHEMBL571362,Nc1nc2c(-c3cc(-c4ccccc4)c(Br)[nH]3)nccc2[nH]1,inactive,354.211,3.9647000000000006,3.0,3.0,4.728158393463501
309,CHEMBL579026,Nc1nc2c(-c3cc(Cc4ccccc4)c(Br)[nH]3)nccc2[nH]1,inactive,368.238,3.8885000000000014,3.0,3.0,4.0
310,CHEMBL572027,Nc1nc2c(-c3[nH]c(Br)c(Cc4ccccc4)c3Br)nccc2[nH]1,inactive,447.134,4.651000000000002,3.0,3.0,4.0
311,CHEMBL571136,Nc1nc2c(-c3cc(CCc4ccccc4)c(Br)[nH]3)nccc2[nH]1,inactive,382.265,4.082900000000002,3.0,3.0,4.991399828238082
313,CHEMBL572244,Nc1nc2c(-c3[nH]c(Br)c(CCc4ccccc4C(F)(F)F)c3Br)nccc2[nH]1,inactive,529.158,5.864200000000002,3.0,3.0,4.0
314,CHEMBL571601,Nc1nc2c(-c3[nH]c(Br)c(CCc4cccc(C(F)(F)F)c4)c3Br)nccc2[nH]1,inactive,529.158,5.864200000000002,3.0,3.0,4.0
315,CHEMBL571388,Nc1nc2c(-c3[nH]c(Br)c(CCc4ccc(C(F)(F)F)cc4)c3Br)nccc2[nH]1,inactive,529.158,5.864200000000002,3.0,3.0,4.0
316,CHEMBL583670,Nc1nc2c(-c3cc(CCCc4ccccc4)c(Br)[nH]3)nccc2[nH]1,inactive,396.292,4.4730000000000025,3.0,3.0,4.0
317,CHEMBL583673,Nc1nc2c(-c3[nH]c(Br)c(CCCc4ccccc4)c3Br)nccc2[nH]1,inactive,475.188,5.235500000000002,3.0,3.0,4.0
318,CHEMBL582812,Nc1nc2c(-c3[nH]c(Br)c(Br)c3CCc3ccccc3)nccc2[nH]1,inactive,461.1610000000002,4.845400000000003,3.0,3.0,4.0
319,CHEMBL1644423,O=C(NC[C@H]1CC[C@H](C(=O)O)CC1)c1cc(-c2ccc(OC(F)(F)F)cc2)cs1,active,427.444,4.934500000000003,2.0,4.0,6.3979400086720375
321,CHEMBL1644425,O=C(NC[C@H]1CC[C@H](C(=O)O)CC1)c1cc(-c2ccc(OC(F)(F)F)cc2)sn1,inactive,428.432,4.329500000000003,2.0,5.0,4.508638306165727
322,CHEMBL1644426,O=C(NC[C@H]1CC[C@H](C(=O)O)CC1)c1cc(-c2ccc(OC(F)(F)F)cc2)c(F)s1,active,445.434,5.073600000000003,2.0,4.0,6.853871964321762
323,CHEMBL1644427,O=C(O)C[C@@H](NC(=O)c1cc(-c2ccc(OC(F)(F)F)cc2)c(F)s1)c1ccccc1,active,453.41300000000007,5.398600000000004,2.0,4.0,6.698970004336019
324,CHEMBL1644428,NC(=O)C[C@@H](NC(=O)c1cc(-c2ccc(OC(F)(F)F)cc2)c(F)s1)c1ccccc1,active,452.42900000000003,4.799300000000002,2.0,4.0,7.070581074285707
325,CHEMBL1644429,CC(=O)c1ccc(-c2ccc(-c3cc(C(=O)NC[C@H]4CC[C@H](C(=O)O)CC4)sc3F)cc2)cc1,active,479.5730000000002,6.044600000000005,2.0,4.0,8.154901959985743
326,CHEMBL1644430,CC(=O)c1ccc(-c2ccc(-c3cc(C(=O)N[C@H](CC(=O)O)c4ccccc4)sc3F)cc2)cc1,active,487.5520000000001,6.369600000000004,2.0,4.0,7.619788758288394
327,CHEMBL1644431,O=C(O)C[C@@H](NC(=O)c1cc(-c2ccc(-c3ccncc3)cc2)c(F)s1)c1ccccc1,active,446.5030000000001,5.562000000000005,2.0,4.0,7.886056647693163
329,CHEMBL1782664,O=C(O)Cc1ccc(CNC(=O)c2cc(-c3ccc(-c4ccccc4)cc3)cs2)cc1,active,427.52500000000003,5.639200000000004,2.0,3.0,7.154901959985743
330,CHEMBL1782665,O=C(O)Cc1ccc(CNC(=O)c2cc(-c3ccc(-c4ccccc4O)cc3)cs2)cc1,active,443.52400000000006,5.344800000000005,3.0,4.0,7.045757490560675
331,CHEMBL1427458,Cc1ccc(Oc2ccc(C(=O)NCc3ccncc3)cc2)cc1,inactive,318.37600000000003,4.112320000000002,1.0,3.0,4.0
332,CHEMBL1935295,CC(C)c1nc(-c2ccc3oc4cc(S(=O)(=O)N[C@H](C(=O)O)C(C)C)ccc4c3c2)no1,active,457.50800000000015,4.146900000000002,2.0,7.0,8.346787486224656
333,CHEMBL1935296,CC(C)[C@H](NS(=O)(=O)c1ccc2c(c1)oc1ccc(-c3noc(C(C)(C)C)n3)cc12)C(=O)O,active,471.53500000000025,4.321000000000003,2.0,7.0,7.769551078621726
334,CHEMBL1935297,CC(C)Cc1nc(-c2ccc3oc4cc(S(=O)(=O)N[C@H](C(=O)O)C(C)C)ccc4c3c2)no1,active,471.5350000000002,4.222000000000002,2.0,7.0,8.267606240177031
335,CHEMBL1935298,COCc1nc(-c2ccc3oc4cc(S(=O)(=O)N[C@H](C(=O)O)C(C)C)ccc4c3c2)no1,active,459.48000000000013,3.169900000000002,2.0,8.0,8.721246399047171
336,CHEMBL1935299,CC(C)[C@H](NS(=O)(=O)c1ccc2c(c1)oc1ccc(-c3noc(C(F)(F)F)n3)cc12)C(=O)O,active,483.42400000000015,4.042300000000003,2.0,7.0,8.657577319177793
337,CHEMBL1935300,CC(C)[C@H](NS(=O)(=O)c1ccc2c(c1)oc1ccc(-c3noc(C4CC4)n3)cc12)C(=O)O,active,455.49200000000025,3.900900000000002,2.0,7.0,8.795880017344075
338,CHEMBL1935301,CC(C)[C@H](NS(=O)(=O)c1ccc2c(c1)oc1ccc(-c3noc(C4CCC4)n3)cc12)C(=O)O,active,469.5190000000003,4.291000000000002,2.0,7.0,8.638272163982407
339,CHEMBL1935302,CC(C)[C@H](NS(=O)(=O)c1ccc2c(c1)oc1ccc(-c3noc(C4CCCCC4)n3)cc12)C(=O)O,active,497.5730000000004,5.071200000000004,2.0,7.0,8.142667503568731
340,CHEMBL1935303,CC(C)[C@H](NS(=O)(=O)c1ccc2c(c1)oc1ccc(-c3noc(-c4ccccc4)n3)cc12)C(=O)O,active,491.5250000000002,4.6905000000000046,2.0,7.0,8.397940008672037
341,CHEMBL1935304,CC(C)[C@H](NS(=O)(=O)c1ccc2c(c1)oc1ccc(-c3noc(C4CCOC4)n3)cc12)C(=O)O,active,485.5180000000003,3.527400000000002,2.0,8.0,9.522878745280337
342,CHEMBL550038,CC(C)[C@H](NS(=O)(=O)c1ccc2c(c1)oc1ccc(N3CCOC3=O)cc12)C(=O)O,active,432.45400000000024,2.9301000000000013,2.0,6.0,8.698970004336019
343,CHEMBL1935278,CC(C)[C@H](NS(=O)(=O)c1ccc2c(c1)oc1ccc(-n3cncn3)cc12)C(=O)O,active,414.4430000000001,2.5542000000000007,2.0,6.0,7.886056647693163
344,CHEMBL1935279,CC(C)[C@H](NS(=O)(=O)c1ccc2c(c1)oc1ccc(-n3cccn3)cc12)C(=O)O,active,413.4550000000001,3.159200000000001,2.0,5.0,7.823908740944319
345,CHEMBL1935280,CC(C)[C@H](NS(=O)(=O)c1ccc2c(c1)oc1ccc(-n3ccc(C(F)(F)F)n3)cc12)C(=O)O,active,481.4520000000001,4.1780000000000035,2.0,5.0,9.154901959985743
346,CHEMBL1935281,CC(C)[C@H](NS(=O)(=O)c1ccc2c(c1)oc1ccc(N3CCNCC3)cc12)C(=O)O,active,431.51400000000024,2.3830999999999998,3.0,6.0,7.638272163982407
347,CHEMBL1935282,CC(C)[C@H](NS(=O)(=O)c1ccc2c(c1)oc1ccc(N3CCN(C)CC3)cc12)C(=O)O,active,445.5410000000003,2.7253000000000007,2.0,6.0,7.7447274948966935
348,CHEMBL1935283,CC(C)[C@H](NS(=O)(=O)c1ccc2c(c1)oc1ccc(N3CCOCC3)cc12)C(=O)O,active,432.4980000000003,2.810100000000001,2.0,6.0,8.657577319177793
349,CHEMBL1935284,CC(C)[C@H](NS(=O)(=O)c1ccc2c(c1)oc1ccc(-c3ccoc3)cc12)C(=O)O,active,413.45100000000014,4.233500000000002,2.0,5.0,9.397940008672037
350,CHEMBL1935285,Cc1ccc(-c2ccc3oc4cc(S(=O)(=O)N[C@H](C(=O)O)C(C)C)ccc4c3c2)o1,active,427.4780000000002,4.541920000000003,2.0,5.0,10.0
351,CHEMBL1935286,CC(C)[C@H](NS(=O)(=O)c1ccc2c(c1)oc1ccc(-c3ccc(Cl)o3)cc12)C(=O)O,active,447.89600000000013,4.8869000000000025,2.0,5.0,10.0
352,CHEMBL1935287,CC(C)[C@H](NS(=O)(=O)c1ccc2c(c1)oc1ccc(-c3cccs3)cc12)C(=O)O,active,429.5190000000001,4.7020000000000035,2.0,5.0,9.698970004336019
353,CHEMBL1935288,Cc1ccc(-c2ccc3oc4cc(S(=O)(=O)N[C@H](C(=O)O)C(C)C)ccc4c3c2)s1,active,443.54600000000016,5.010420000000003,2.0,5.0,9.698970004336019
354,CHEMBL1935289,CC(C)[C@H](NS(=O)(=O)c1ccc2c(c1)oc1ccc(-c3cc[nH]n3)cc12)C(=O)O,active,413.4550000000001,3.363600000000001,3.0,5.0,9.0
355,CHEMBL1935290,CC(C)[C@H](NS(=O)(=O)c1ccc2c(c1)oc1ccc(-c3ccc[nH]3)cc12)C(=O)O,active,412.4670000000001,3.9686000000000012,3.0,4.0,9.397940008672037
356,CHEMBL1935291,CC(C)[C@H](NS(=O)(=O)c1ccc2c(c1)oc1ccc(-c3nccs3)cc12)C(=O)O,active,430.5070000000001,4.097000000000002,2.0,6.0,9.0
357,CHEMBL1935292,Cc1cnc(-c2ccc3oc4cc(S(=O)(=O)N[C@H](C(=O)O)C(C)C)ccc4c3c2)s1,active,444.53400000000016,4.405420000000003,2.0,6.0,8.920818753952375
358,CHEMBL1935293,Cc1nc(-c2ccc3oc4cc(S(=O)(=O)N[C@H](C(=O)O)C(C)C)ccc4c3c2)no1,active,429.4540000000002,3.331920000000002,2.0,7.0,8.065501548756432
359,CHEMBL1935294,CCc1nc(-c2ccc3oc4cc(S(=O)(=O)N[C@H](C(=O)O)C(C)C)ccc4c3c2)no1,active,443.48100000000017,3.5859000000000023,2.0,7.0,8.537602002101044
360,CHEMBL1939844,COc1ccc(S(=O)(=O)N2CC(=O)N(O)C(=O)[C@H]2C(C)C)cc1,active,342.37300000000005,0.4684999999999995,1.0,6.0,7.180456064458132
361,CHEMBL1939845,CC(C)[C@@H]1C(=O)N(O)C(=O)CN1S(=O)(=O)c1ccc(-c2ccccc2)cc1,active,388.44500000000005,2.1269,1.0,5.0,7.721246399047171
362,CHEMBL1939846,CC(C)[C@@H]1C(=O)N(O)C(=O)CN1S(=O)(=O)c1ccc(Oc2ccccc2)cc1,active,404.4440000000001,2.2522,1.0,6.0,7.638272163982407
363,CHEMBL1939876,CCOC(=O)c1cc2cc(-c3cc(C(=O)NCc4ccc(C(=O)O)cc4)nn3C)ccc2[nH]1,inactive,446.4630000000001,3.3733000000000013,3.0,5.0,4.657577319177793
364,CHEMBL1940315,O=C(NC1CCCS(=O)(=O)C1)c1ccc(Oc2ccc(C#C[C@]3(O)CN4CCC3CC4)cc2)cc1,inactive,494.61300000000034,2.5941,2.0,6.0,5.0
366,CHEMBL1940296,CNC(=O)c1ccc(Oc2ccc(C#C[C@]3(O)CN4CCC3CC4)cc2)cc1,inactive,376.45600000000013,2.646700000000001,2.0,4.0,4.0
367,CHEMBL1796298,O=C(NCc1ccncn1)c1ccc(Oc2ccc(C#C[C@]3(O)CN4CCC3CC4)cc2)cc1,inactive,454.5300000000003,3.007100000000002,2.0,6.0,5.0
368,CHEMBL1940316,O=C(NC1CCS(=O)(=O)C1)c1ccc(Oc2ccc(C#C[C@]3(O)CN4CCC3CC4)cc2)cc1,inactive,480.58600000000035,2.2039999999999997,2.0,6.0,5.0
369,CHEMBL1940315,O=C(NC1CCCS(=O)(=O)C1)c1ccc(Oc2ccc(C#C[C@]3(O)CN4CCC3CC4)cc2)cc1,inactive,494.61300000000034,2.5941,2.0,6.0,5.0
370,CHEMBL1940315,O=C(NC1CCCS(=O)(=O)C1)c1ccc(Oc2ccc(C#C[C@]3(O)CN4CCC3CC4)cc2)cc1,inactive,494.61300000000034,2.5941,2.0,6.0,5.0
371,CHEMBL1940314,O=C(NC1CCS(=O)(=O)CC1)c1ccc(Oc2ccc(C#C[C@]3(O)CN4CCC3CC4)cc2)cc1,inactive,494.61300000000034,2.5941,2.0,6.0,5.0
372,CHEMBL1940313,O=C(NC1CCN(C2CC2)CC1)c1ccc(Oc2ccc(C#C[C@]3(O)CN4CCC3CC4)cc2)cc1,inactive,485.6280000000003,3.6437000000000026,2.0,5.0,5.0
373,CHEMBL1940312,CNC(=O)N1CCC(NC(=O)c2ccc(Oc3ccc(C#C[C@]4(O)CN5CCC4CC5)cc3)cc2)CC1,inactive,502.6150000000004,2.8207000000000013,3.0,5.0,5.0
374,CHEMBL1940311,O=C(NC1CCN(C(=O)C2CC2)CC1)c1ccc(Oc2ccc(C#C[C@]3(O)CN4CCC3CC4)cc2)cc1,inactive,513.6380000000004,3.4179000000000013,2.0,5.0,5.0
375,CHEMBL1940310,CC(=O)N1CCC(NC(=O)c2ccc(Oc3ccc(C#C[C@]4(O)CN5CCC4CC5)cc3)cc2)CC1,inactive,487.6000000000004,3.027800000000001,2.0,5.0,5.0
376,CHEMBL1940309,CS(=O)(=O)N1CCC(NC(=O)c2ccc(Oc3ccc(C#C[C@]4(O)CN5CCC4CC5)cc3)cc2)CC1,inactive,523.6550000000004,2.4409,2.0,6.0,5.0
379,CHEMBL1957605,O=C(NO)[C@@H]1CS(=O)(=O)CN1S(=O)(=O)c1ccc(-c2ccccc2)cc1,active,396.4460000000001,0.6042000000000003,2.0,6.0,6.301029995663981
380,CHEMBL1957606,O=C(NO)[C@@H]1CS(=O)(=O)CN1S(=O)(=O)c1ccc(Oc2ccc(Cl)cc2)cc1,active,446.8900000000001,1.3829000000000002,2.0,7.0,7.721246399047171
381,CHEMBL2047536,Cc1c(C(=O)O)ccc2c1CC[C@@H]2NC(=O)c1cc(C(=O)NCc2ccc3c(c2)NC(=O)CO3)nc2ccnn12,active,540.5360000000002,2.4141200000000005,4.0,7.0,6.183758700008217
382,CHEMBL2047537,Cc1c(C(=O)O)ccc2c1CC[C@@H]2NC(=O)c1cc(C(=O)NCc2ccc(F)c(C(F)(F)F)c2)nc2c(F)cnn12,inactive,573.4780000000001,4.380220000000002,3.0,5.0,4.698970004336019
385,CHEMBL2048505,COC(=O)[C@@H](Cc1ccc(O)c(O)c1)OC(=O)/C=C/c1ccc(O)c2c1[C@H](C(=O)OC)[C@@H](c1ccc(O)c(O)c1)O2,active,566.5150000000003,2.9456000000000024,5.0,12.0,6.173925197299173
388,CHEMBL50,O=c1c(O)c(-c2ccc(O)c(O)c2)oc2cc(O)cc(O)c12,inactive,302.23800000000006,1.988,5.0,7.0,4.99012436628784
389,CHEMBL151,O=c1cc(-c2ccc(O)c(O)c2)oc2cc(O)cc(O)c12,active,286.23900000000003,2.2824000000000004,4.0,6.0,6.008773924307505
392,CHEMBL2048512,CNC(=O)C(CCc1ccccc1)NC(=O)C(CC(=O)NO)CC(C)C,active,363.45800000000014,1.4077999999999997,4.0,4.0,8.086186147616283
393,CHEMBL230806,Nc1nc2ccnc(-c3cc(Br)c(Br)[nH]3)c2[nH]1,active,357.00899999999996,3.0602,3.0,3.0,9.481486060122112
394,CHEMBL2205661,CC(C)C[C@H](NC(=O)CNS(=O)(=O)c1ccc(-c2ccccc2)cc1)C(=O)N[C@@H](CCC(=O)O)C(=O)N[C@@H](CCC(=O)O)C(=O)N[C@@H](C)C(N)=O,inactive,732.813,-0.14799999999999425,8.0,9.0,4.318758762624412
395,CHEMBL2205659,CC(C)C[C@H](NC(=O)[C@@H]1CCCN1C(=O)OCc1ccccc1)C(=O)N(CC(=O)O)S(=O)(=O)c1ccc(-c2ccccc2)cc1,inactive,635.7390000000001,4.287600000000003,2.0,7.0,4.886056647693163
396,CHEMBL1335679,O=C(O)CNS(=O)(=O)c1ccc(-c2ccccc2)cc1,active,291.32800000000003,1.7165000000000001,2.0,3.0,6.5376020021010435
397,CHEMBL2326365,O=C(O)Cc1ccccc1S(=O)(=O)c1ccc(-c2ccc(NC(=O)CF)cc2)cc1,active,427.4530000000001,3.7215000000000025,2.0,4.0,6.301029995663981
398,CHEMBL2326364,O=C(O)Cc1ccccc1S(=O)(=O)c1ccc(-c2ccc(F)cc2)cc1,active,370.401,3.952600000000003,1.0,3.0,6.3979400086720375
399,CHEMBL2326363,O=C(O)Cc1ccccc1S(=O)(=O)c1ccc(-c2ccc(OCCF)cc2)cc1,active,414.4540000000001,4.161800000000004,1.0,4.0,7.356547323513812
402,CHEMBL2337131,O=C(NO)C1c2ccc(Oc3ccccc3)cc2CCN1S(=O)(=O)c1cc(Cl)ccc1Cl,active,493.36800000000017,4.579200000000003,2.0,5.0,9.031517051446064
403,CHEMBL2409700,C[C@]1(CS(=O)(=O)N2CCC(Oc3ccc(OC(F)(F)F)cc3)CC2)NC(=O)NC1=O,active,451.4230000000001,1.3562999999999994,2.0,6.0,8.481486060122112
404,CHEMBL2409699,CCOc1ccc(OC2CCN(S(=O)(=O)C[C@@]3(C)NC(=O)NC3=O)CC2)cc1,active,411.48000000000013,0.8563999999999999,2.0,6.0,8.698970004336019
405,CHEMBL2409698,C[C@]1(CS(=O)(=O)N2CCC(Oc3ccc(F)cc3)CC2)NC(=O)NC1=O,active,385.41700000000014,0.5967999999999997,2.0,5.0,7.6252516539898965
406,CHEMBL2409711,C[C@]1(CS(=O)(=O)N2CCC(Oc3ccc(Cl)cc3)CC2)NC(=O)NC1=O,active,401.8720000000002,1.1110999999999993,2.0,5.0,8.050609993355087
407,CHEMBL2409710,C[C@]1(CS(=O)(=O)N2CCC(Oc3ccc(C(F)(F)F)cc3)CC2)NC(=O)NC1=O,active,435.42400000000015,1.4764999999999995,2.0,5.0,8.229147988357855
408,CHEMBL2437163,O=C(COc1ccc(Cl)cc1)NNC(=S)NCCCCC1CCCCC1,inactive,397.9720000000004,3.964700000000003,3.0,3.0,4.0
409,CHEMBL2435340,O=C(NCc1ccc(-c2ccccc2)cc1)c1cccc(=O)n1O,active,320.34800000000007,2.6826,2.0,3.0,7.7447274948966935
410,CHEMBL409536,O=C(OCc1ccccc1)c1cn2c(=O)n(Cc3ccccc3)c(=O)cc2s1,inactive,392.43600000000004,2.9280000000000017,0.0,5.0,4.522878745280337
411,CHEMBL496942,Cn1c(=O)n(Cc2ccc(C(=O)O)cc2)c(=O)c2cc(C#CCc3ccccc3)ccc21,inactive,424.4560000000002,3.0409000000000006,1.0,3.0,4.522878745280337
413,CHEMBL3355723,CC(C)C[C@H](CC(=O)NO)C(=O)N[C@@H](Cc1ccccc1)C(=O)N[C@@H](CCCCNC(=O)c1ccc(F)cc1)C(N)=O,active,585.6770000000002,1.981200000000001,6.0,6.0,6.860120913598763
414,CHEMBL3355722,CC(C)C[C@H](CC(=O)NO)C(=O)N[C@@H](Cc1ccccc1)C(=O)N[C@@H](CCCCN)C(N)=O,active,463.5790000000003,0.370800000000004,6.0,6.0,8.698970004336019
416,CHEMBL3394285,O=C(/C=C/c1ccc(C(F)(F)F)cc1)NO,inactive,231.173,2.2239999999999998,2.0,2.0,4.0
417,CHEMBL279785,CNC(=O)[C@@H](NC(=O)[C@H](CC(C)C)[C@H](O)C(=O)NO)C(C)(C)C,inactive,331.41300000000007,-0.20809999999999906,5.0,5.0,5.0
418,CHEMBL3827306,CCCNC(=O)CC[C@H](NS(=O)(=O)c1ccc(-c2ccccc2)cc1)C(=O)O,active,404.4880000000001,2.3914999999999997,3.0,4.0,6.750557038557417
419,CHEMBL3827250,CCCCNC(=O)CC[C@H](NS(=O)(=O)c1ccc(-c2ccccc2)cc1)C(=O)O,active,418.5150000000001,2.781600000000001,3.0,4.0,7.148619332034404
420,CHEMBL3827640,CC(C)CNC(=O)CC[C@H](NS(=O)(=O)c1ccc(-c2ccccc2)cc1)C(=O)O,active,418.5150000000001,2.6375,3.0,4.0,6.608006927740287
421,CHEMBL3827162,CCCCCNC(=O)CC[C@H](NS(=O)(=O)c1ccc(-c2ccccc2)cc1)C(=O)O,active,432.54200000000014,3.1717000000000013,3.0,4.0,7.281498311132726
422,CHEMBL3827453,CCCCCCNC(=O)CC[C@H](NS(=O)(=O)c1ccc(-c2ccccc2)cc1)C(=O)O,active,446.56900000000013,3.5618000000000016,3.0,4.0,7.017276612331455
423,CHEMBL3827615,O=C(CC[C@H](NS(=O)(=O)c1ccc(-c2ccccc2)cc1)C(=O)O)NC1CCCCC1,active,444.5530000000003,3.3142000000000023,3.0,4.0,7.135488918941608
424,CHEMBL3827735,O=C(CC[C@H](NS(=O)(=O)c1ccc(-c2ccccc2)cc1)C(=O)O)Nc1ccccc1,active,438.5050000000001,3.5040000000000013,3.0,4.0,6.529001830339126
425,CHEMBL3827073,O=C(CC[C@H](NS(=O)(=O)c1ccc(-c2ccccc2)cc1)C(=O)O)NCc1ccccc1,active,452.53200000000015,3.181700000000001,3.0,4.0,7.274088367704952
426,CHEMBL3828051,O=C(CC[C@H](NS(=O)(=O)c1ccc(-c2ccccc2)cc1)C(=O)O)NCCc1ccccc1,active,466.5590000000002,3.2242000000000015,3.0,4.0,6.5278288533076365
427,CHEMBL3827680,O=C(CC[C@H](NS(=O)(=O)c1ccc(-c2ccccc2)cc1)C(=O)O)NCc1cc(C(F)(F)F)cc(C(F)(F)F)c1,active,588.5260000000003,5.219300000000004,3.0,4.0,6.335358024443875
428,CHEMBL3827243,O=C(CC[C@H](NS(=O)(=O)c1ccc(-c2ccccc2)cc1)C(=O)O)NCc1ccccc1Cl,active,486.9770000000002,3.8351000000000024,3.0,4.0,7.200659450546418
429,CHEMBL3828226,O=C(CC[C@H](NS(=O)(=O)c1ccc(-c2ccccc2)cc1)C(=O)O)NCc1ccc(F)cc1,active,470.52200000000016,3.320800000000001,3.0,4.0,7.075720713938118
430,CHEMBL3958969,O=C(NCc1cccc(OCCCS(=O)(=O)N2CCCCC2C(=O)NO)c1)c1nc2ccccc2c(=O)[nH]1,active,543.6020000000002,1.3117000000000005,4.0,8.0,8.744727494896694
431,CHEMBL3889936,CC(C)C(CS(=O)(=O)c1ccc(-c2cccc(CNC(=O)c3nc4ccccc4c(=O)[nH]3)c2)cc1)N(O)C=O,active,548.6210000000003,3.1660000000000013,3.0,7.0,8.070581074285707
432,CHEMBL3932562,CC(C)[C@H](NS(=O)(=O)c1ccc(-c2cccc(CNC(=O)c3nc4ccccc4c(=O)[nH]3)c2)cc1)C(=O)NO,active,549.6090000000003,2.3284,5.0,7.0,8.09151498112135
433,CHEMBL3971135,CC(C)[C@H](NS(=O)(=O)c1ccc(-c2cccc(CNC(=O)c3nc4ccccc4c(=O)[nH]3)c2)cc1)C(=O)O,active,534.5940000000003,2.9076000000000004,4.0,6.0,7.795880017344075
434,CHEMBL3955430,O=C(NCc1cccc(N2CCN(C(=O)Cc3n[nH]c(=O)[nH]3)CC2)c1)c1nc2ccccc2c(=O)[nH]1,active,488.50800000000015,0.15580000000000088,4.0,7.0,6.585026652029182
435,CHEMBL3960062,O=C(NCc1cccc(OCCCS(=O)(=O)N2CCCCC2C(=O)O)c1)c1nc2ccccc2c(=O)[nH]1,active,528.5870000000002,1.8908999999999994,3.0,7.0,6.522878745280337
436,CHEMBL3926071,CCOCCC1(Oc2ccc(-c3cccc(CNC(=O)c4nc5ccccc5c(=O)[nH]4)c3)cc2)C(=O)NC(=O)NC1=O,active,569.5740000000002,2.4302999999999995,4.0,8.0,6.267606240177032
438,CHEMBL4066965,C[C@H](Cc1ccc(C(F)(F)F)cc1)C(=O)NC[C@@]1(C2CC2)NC(=O)NC1=O,active,383.3700000000001,1.9883999999999997,3.0,3.0,8.045757490560675
439,CHEMBL4072836,CC[C@H](Cc1ccc(C(F)(F)F)cc1)C(=O)NC[C@@]1(C2CC2)NC(=O)NC1=O,active,397.39700000000016,2.3785,3.0,3.0,7.585026652029182
440,CHEMBL3980860,O=C1NC(=O)[C@](CNC(=O)[C@@H](Cc2ccc(C(F)(F)F)cc2)C2CC2)(C2CC2)N1,active,409.40800000000013,2.3785000000000007,3.0,3.0,6.5718652059712115
442,CHEMBL3972836,CC(C)(Cc1ccc(C(F)(F)F)cc1)C(=O)NC[C@@]1(C2CC2)NC(=O)NC1=O,active,397.39700000000016,2.3785,3.0,3.0,7.1487416512809245
443,CHEMBL4102106,Cc1cc(COc2ccc(S(=O)(=O)N3CCN(C(=O)C(C)(C)C)C(C(=O)NO)C3)cc2)c2c(n1)CCCC2,active,544.6740000000001,2.6008200000000006,2.0,7.0,6.031517051446065
444,CHEMBL4097165,O=C1NC(=O)[C@](CNC(=O)c2cc3cc(C(F)(F)F)ccc3o2)(C2CC2)N1,active,381.3100000000001,2.1695999999999995,3.0,4.0,8.045757490560675
445,CHEMBL3358151,C[C@]1(CNC(=O)COc2ccc(Cl)cc2)NC(=O)NC1=O,active,311.7250000000001,0.4330999999999995,3.0,4.0,7.154901959985743
446,CHEMBL4102193,O=C(CCc1ccc(C(F)(F)F)cc1)NC[C@@]1(C2CC2)NC(=O)NC1=O,active,369.34300000000013,1.7423999999999995,3.0,3.0,8.301029995663981
447,CHEMBL4066965,C[C@H](Cc1ccc(C(F)(F)F)cc1)C(=O)NC[C@@]1(C2CC2)NC(=O)NC1=O,active,383.3700000000001,1.9883999999999997,3.0,3.0,8.045757490560675
448,CHEMBL4094455,C[C@@H](Cc1ccc(C(F)(F)F)cc1)C(=O)NC[C@@]1(C2CC2)NC(=O)NC1=O,active,383.3700000000001,1.9883999999999997,3.0,3.0,8.154901959985743
449,CHEMBL3972836,CC(C)(Cc1ccc(C(F)(F)F)cc1)C(=O)NC[C@@]1(C2CC2)NC(=O)NC1=O,active,397.39700000000016,2.3785,3.0,3.0,7.1487416512809245
450,CHEMBL4072836,CC[C@H](Cc1ccc(C(F)(F)F)cc1)C(=O)NC[C@@]1(C2CC2)NC(=O)NC1=O,active,397.39700000000016,2.3785,3.0,3.0,7.585026652029182
452,CHEMBL3980860,O=C1NC(=O)[C@](CNC(=O)[C@@H](Cc2ccc(C(F)(F)F)cc2)C2CC2)(C2CC2)N1,active,409.40800000000013,2.3785000000000007,3.0,3.0,6.568636235841013
453,CHEMBL187092,C[C@@]1(O)CCCN(S(=O)(=O)c2ccc(OCc3ccc(F)cc3Cl)cc2)[C@H]1C(=O)NO,active,472.92200000000014,2.4676,3.0,6.0,9.0
454,CHEMBL4081997,NCCNS(=O)(=O)c1ccc(-c2ccc(CSc3nc4c(c(=O)[nH]3)CCC4)cc2)cc1,active,456.59300000000025,2.4549000000000003,3.0,6.0,6.330683119433888
456,CHEMBL4160618,NC(=O)CC[C@H](NS(=O)(=O)c1ccc([N+](=O)[O-])cc1)C(=O)O,inactive,331.30600000000004,-0.4082000000000006,3.0,6.0,3.999565922520681
457,CHEMBL4171886,CNC(=O)CC[C@H](NS(=O)(=O)c1ccc([N+](=O)[O-])cc1)C(=O)O,inactive,345.3330000000001,-0.14749999999999958,3.0,6.0,3.3010299956639813
458,CHEMBL4164016,CCNC(=O)CC[C@H](NS(=O)(=O)c1ccc([N+](=O)[O-])cc1)C(=O)O,inactive,359.36000000000007,0.2425999999999992,3.0,6.0,3.962175249411658
459,CHEMBL4170455,CC(C)NC(=O)CC[C@H](NS(=O)(=O)c1ccc([N+](=O)[O-])cc1)C(=O)O,inactive,373.3870000000001,0.6310999999999996,3.0,6.0,3.306976932076306
460,CHEMBL4162521,CCCCNC(=O)CC[C@H](NS(=O)(=O)c1ccc([N+](=O)[O-])cc1)C(=O)O,inactive,387.4140000000001,1.0227999999999997,3.0,6.0,3.7026772857946972
461,CHEMBL4167291,CC(C)CNC(=O)CC[C@H](NS(=O)(=O)c1ccc([N+](=O)[O-])cc1)C(=O)O,inactive,387.4140000000001,0.8786999999999994,3.0,6.0,3.3010299956639813
462,CHEMBL4175156,CCCCCNC(=O)CC[C@H](NS(=O)(=O)c1ccc([N+](=O)[O-])cc1)C(=O)O,inactive,401.44100000000014,1.4128999999999996,3.0,6.0,3.306932906075771
463,CHEMBL4163839,O=C(CC[C@H](NS(=O)(=O)c1ccc([N+](=O)[O-])cc1)C(=O)O)NCc1ccccc1,inactive,421.4310000000001,1.4228999999999996,3.0,6.0,4.021363051615525
464,CHEMBL19611,CNC(=O)[C@H](Cc1c[nH]c2ccccc12)NC(=O)[C@@H](CC(=O)NO)CC(C)C,active,388.4680000000002,1.4989999999999999,5.0,4.0,8.2839966563652
465,CHEMBL4169775,CC(=O)N[C@@H](COCc1ccccc1)C(=O)N[C@H](CCc1ccccc1)C(=O)N[C@H](Cc1ccccc1)C(=O)NO,active,560.6510000000004,2.0584000000000002,5.0,6.0,7.262012673666569
467,CHEMBL4207732,CC(C)[C@H](NS(=O)(=O)c1ccc2c(c1)oc1ccc(NC(=O)Oc3ccc(Br)cc3)cc12)C(=O)O,active,561.4100000000002,5.346900000000004,3.0,6.0,7.958607314841775
468,CHEMBL492531,CC(C)[C@H](NS(=O)(=O)c1ccc2c(c1)oc1ccc(NC(=O)Oc3ccc(F)cc3)cc12)C(=O)O,active,500.5040000000002,4.723500000000003,3.0,6.0,8.207608310501746
469,CHEMBL4218681,CC(C)[C@H](NS(=O)(=O)c1ccc2c(c1)oc1ccc(NS(=O)(=O)c3ccc(I)cc3)cc12)C(=O)O,active,628.4660000000001,4.3789000000000025,3.0,6.0,6.527243550682788
470,CHEMBL4214104,CC(C)[C@H](NS(=O)(=O)c1ccc2c(c1)oc1ccc(NC(=O)c3ccc(I)cc3)cc12)C(=O)O,active,592.4110000000002,4.830400000000004,3.0,5.0,6.29929628285498
471,CHEMBL4217377,CC(C)[C@H](NS(=O)(=O)c1ccc2c(c1)oc1ccc(NC(=O)Oc3ccc(I)cc3)cc12)C(=O)O,active,608.4100000000001,5.189000000000004,3.0,6.0,8.070581074285707
472,CHEMBL4215407,Cc1cc(COc2ccc(S(=O)(=O)N(C)C3(C(=O)NO)CN(C(=O)C(C)C)C3)cc2)c2ccccc2n1,active,526.6150000000001,2.48512,2.0,7.0,7.886056647693163
473,CHEMBL4208519,Cc1cc(COc2ccc(S(=O)(=O)N(C)C3(C(=O)NO)CN(C(=O)CC(C)C)C3)cc2)c2ccccc2n1,active,540.6420000000002,2.8752200000000014,2.0,7.0,8.221848749616356
474,CHEMBL4210206,COc1ccc(-c2ccc(Sc3ccccc3CC(=O)NO)cc2)cc1,active,365.454,4.561300000000003,2.0,4.0,8.397940008672037
475,CHEMBL584365,COc1ccc(-c2ccc(S(=O)(=O)c3ccccc3CC(=O)NO)cc2)cc1,active,397.4520000000001,3.2429000000000006,2.0,5.0,8.318758762624412
476,CHEMBL4214269,COc1ccc(-c2ccc(Sc3ccccc3CC(=O)O)cc2)cc1,active,350.439,5.140500000000004,1.0,3.0,7.3979400086720375
477,CHEMBL573936,COc1ccc(-c2ccc(S(=O)(=O)c3ccccc3CC(=O)O)cc2)cc1,active,382.4370000000001,3.8221000000000016,1.0,4.0,6.853871964321762
478,CHEMBL4209100,COc1ccc(-c2ccc(Sc3ccccc3C(CCC(=O)O)C(=O)O)cc2)cc1,active,422.5020000000002,5.546400000000005,2.0,4.0,7.585026652029182
479,CHEMBL4213983,COc1ccc(-c2ccc(S(=O)(=O)c3ccccc3C(CCC(=O)O)C(=O)O)cc2)cc1,active,454.5000000000002,4.228000000000002,2.0,5.0,6.292429823902063
480,CHEMBL4203044,COc1ccc(-c2ccc(Sc3ccccc3C3CCC(=O)N(O)C3=O)cc2)cc1,active,419.5020000000002,5.135200000000005,1.0,5.0,7.481486060122112
481,CHEMBL4214626,COc1ccc(-c2ccc(S(=O)(=O)c3ccccc3C3CCC(=O)N(O)C3=O)cc2)cc1,active,451.5000000000002,3.8168000000000024,1.0,6.0,7.3979400086720375
482,CHEMBL4206329,COc1ccc(-c2ccc(Sc3ccccc3CP(=O)(O)O)cc2)cc1,active,386.40900000000005,5.191100000000005,2.0,3.0,6.6020599913279625
483,CHEMBL4218036,COc1ccc(-c2ccc(S(=O)(=O)c3ccccc3CP(=O)(O)O)cc2)cc1,active,418.4070000000001,3.8727000000000036,2.0,4.0,6.221848749616356
488,CHEMBL4202548,COc1ccc(-c2ccc(Sc3ccccc3C(=O)CS(C)(=O)=O)cc2)cc1,inactive,412.53200000000015,4.740700000000005,0.0,5.0,3.638272163982407
489,CHEMBL4206259,COc1ccc(-c2ccc(S(=O)(=O)c3ccccc3C(=O)CS(C)(=O)=O)cc2)cc1,inactive,444.5300000000002,3.4223000000000026,0.0,6.0,5.0
490,CHEMBL4218334,CCCCC[C@H](CN(O)C=O)C(=O)NCNC(=O)c1cc2cccc(OC)c2o1,active,405.4510000000002,2.2890000000000006,3.0,6.0,6.3979400086720375
492,CHEMBL4215581,COc1cccc2cc(C(=O)NCNC(=O)CCN(O)C=O)oc12,inactive,335.31600000000003,0.4825999999999998,3.0,6.0,5.0
494,CHEMBL4205331,CCCCC[C@@H](CN(O)C=O)C(=O)NCNC(=O)c1cc2cccc(OC)c2o1,inactive,405.4510000000002,2.2890000000000006,3.0,6.0,5.0
495,CHEMBL4211663,CCCCC[C@@H](C(=O)NCNC(=O)c1cc2cccc(OC)c2o1)[C@H](CC)N(O)C=O,active,433.5050000000002,3.0676000000000014,3.0,6.0,6.698970004336019
496,CHEMBL4206785,CCCCC[C@@H](C(=O)NCNC(=O)c1cc2cccc(OC)c2o1)[C@@H](CC)N(O)C=O,inactive,433.5050000000002,3.0676000000000014,3.0,6.0,5.0
497,CHEMBL4207308,CCCCC[C@@H](C(=O)NCNC(=O)c1ccc(-c2ccccc2)o1)[C@@H](CC)N(O)C=O,inactive,429.5170000000001,3.5728000000000018,3.0,5.0,5.0
498,CHEMBL4291062,CC(=O)N[C@@H]1[C@@H](OC(C)=O)[C@H](OC(C)=O)[C@@H](COC(C)=O)O[C@H]1NC(=S)NCCN([C@@H](C(=O)O)C(C)C)S(=O)(=O)c1ccc(-c2ccccc2)cc1,active,764.8760000000002,1.5737000000000068,4.0,12.0,7.7447274948966935
499,CHEMBL4285838,CC(=O)N[C@@H]1[C@@H](O)[C@H](O)[C@@H](CO)O[C@H]1NC(=S)NCCN([C@@H](C(=O)O)C(C)C)S(=O)(=O)c1ccc(-c2ccccc2)cc1,active,638.7650000000002,-0.13869999999999472,7.0,9.0,7.3979400086720375
500,CHEMBL4277909,CC(=O)N[C@@H]1[C@@H](OC(C)=O)[C@H](OC(C)=O)[C@@H](COC(C)=O)O[C@H]1N([C@@H](C(=O)O)C(C)C)S(=O)(=O)c1ccc(-c2ccccc2)cc1,inactive,662.7140000000002,2.109600000000004,2.0,11.0,4.3979400086720375
504,CHEMBL4289657,CO[C@@H]1O[C@H](CN([C@@H](C(=O)O)C(C)C)S(=O)(=O)c2ccc(-c3ccccc3)cc2)[C@@H](OC(C)=O)[C@H](OC(C)=O)[C@H]1NC(C)=O,active,634.7040000000002,2.1929000000000007,2.0,10.0,7.080921907623926
505,CHEMBL4294130,CO[C@@H]1O[C@H](CN([C@@H](C(=O)O)C(C)C)S(=O)(=O)c2ccc(-c3ccccc3)cc2)[C@@H](OC(C)=O)[C@H](OC(C)=O)[C@H]1OC(C)=O,active,635.6880000000002,2.6199000000000003,1.0,11.0,7.075720713938118
506,CHEMBL4286237,CO[C@@H]1O[C@H](CN([C@@H](C(=O)O)C(C)C)S(=O)(=O)c2ccc(-c3ccccc3)cc2)[C@@H](O)[C@H](O)[C@H]1NC(C)=O,active,550.6300000000001,1.0513000000000003,4.0,8.0,7.3872161432802645
507,CHEMBL4290729,CO[C@@H]1O[C@H](CN([C@@H](C(=O)O)C(C)C)S(=O)(=O)c2ccc(-c3ccccc3)cc2)[C@@H](O)[C@H](O)[C@H]1O,active,509.57700000000017,0.9074999999999995,4.0,8.0,7.292429823902063
508,CHEMBL4282849,CC(=O)OC[C@H]1O[C@@H](NC(=S)NCCN([C@@H](C(=O)O)C(C)C)S(=O)(=O)c2ccc(-c3ccccc3)cc2)[C@H](OC(C)=O)[C@@H](OC(C)=O)[C@@H]1OC(C)=O,active,765.8600000000002,2.000700000000003,3.0,13.0,7.721246399047171
509,CHEMBL4283171,CC(C)[C@H](C(=O)O)N(CCNC(=S)N[C@@H]1O[C@H](CO)[C@@H](O)[C@H](O)[C@H]1O)S(=O)(=O)c1ccc(-c2ccccc2)cc1,active,597.7120000000003,-0.2824999999999953,7.0,9.0,7.008773924307505
510,CHEMBL4291027,CO[C@@H]1O[C@H](CNC(=S)NCCN([C@@H](C(=O)O)C(C)C)S(=O)(=O)c2ccc(-c3ccccc3)cc2)[C@@H](OC(C)=O)[C@H](OC(C)=O)[C@H]1OC(C)=O,active,737.8500000000003,2.0840000000000023,3.0,12.0,7.698970004336019
511,CHEMBL4279699,CO[C@@H]1O[C@H](CNC(=S)NCCN([C@@H](C(=O)O)C(C)C)S(=O)(=O)c2ccc(-c3ccccc3)cc2)[C@@H](O)[C@H](O)[C@H]1O,active,611.7390000000005,0.3716000000000031,6.0,9.0,7.187086643357144
512,CHEMBL199666,CCCCCCC(CC(=O)O)C(=O)c1ccc(C#Cc2ccc(Cl)cc2)cc1,active,396.9140000000001,5.983800000000006,1.0,2.0,6.698970004336019
513,CHEMBL573715,COc1ccc(Oc2ccc(S(=O)(=O)c3ccccc3CC(=O)NO)cc2)cc1,active,413.45100000000014,3.3682000000000007,2.0,6.0,6.698970004336019
514,CHEMBL4761188,NC(=O)[C@H](CCC(=O)O)NC(=O)c1ccc(-c2cc(-c3ccccc3)cs2)cc1,active,408.4790000000001,3.5306000000000024,3.0,4.0,8.602059991327963
515,CHEMBL4169775,CC(=O)N[C@@H](COCc1ccccc1)C(=O)N[C@H](CCc1ccccc1)C(=O)N[C@H](Cc1ccccc1)C(=O)NO,active,560.6510000000004,2.0584000000000002,5.0,6.0,7.576426480267265
516,CHEMBL4787278,CC(=O)N[C@@H](CCCc1ccccc1)C(=O)N[C@H](CCc1ccccc1)C(=O)N[C@H](Cc1ccccc1)C(=O)NO,active,558.6790000000003,2.8645000000000005,5.0,5.0,7.709965388637482
517,CHEMBL4780646,CC(=O)N[C@@H](Cc1c[nH]c2ccccc12)C(=O)N[C@H](CCc1ccccc1)C(=O)N[C@H](Cc1ccccc1)C(=O)NO,active,569.6620000000004,2.565599999999999,6.0,5.0,7.45717457304082
518,CHEMBL4788689,CC(=O)N[C@@H](Cc1ccc2ccccc2c1)C(=O)N[C@H](CCc1ccccc1)C(=O)N[C@H](Cc1ccccc1)C(=O)NO,active,580.6850000000003,3.2375000000000007,5.0,5.0,6.85949195696182
519,CHEMBL4785870,COc1ccc(CCC[C@H](NC(C)=O)C(=O)N[C@H](CCc2ccccc2)C(=O)N[C@H](Cc2ccccc2)C(=O)NO)cc1,active,588.7050000000004,2.873100000000001,5.0,6.0,7.688246138944246
520,CHEMBL4748728,CC(=O)N[C@@H](COCc1ccccc1)C(=O)N[C@H](CCc1ccc(C(F)(F)F)cc1)C(=O)N[C@H](Cc1ccccc1)C(=O)NO,active,628.6480000000004,3.0772000000000004,5.0,6.0,7.777283528852417
521,CHEMBL4741966,COc1ccc(CC[C@@H](NC(=O)[C@H](COCc2ccccc2)NC(C)=O)C(=O)N[C@H](Cc2ccccc2)C(=O)NO)cc1,active,590.6770000000002,2.067000000000002,5.0,7.0,7.787812395596042
522,CHEMBL4784390,CC(=O)N[C@@H](COCc1ccccc1)C(=O)N[C@H](CCc1ccccc1)C(=O)N[C@H](Cc1ccc(O)cc1)C(=O)NO,active,576.6500000000004,1.7640000000000002,6.0,7.0,7.375717904164332
523,CHEMBL4745509,CC(=O)N[C@@H](COCc1ccccc1)C(=O)N[C@H](CCc1ccccc1)C(=O)N[C@H](Cc1ccc(F)cc1)C(=O)NO,active,578.6410000000004,2.1975000000000002,5.0,6.0,7.376750709602099
524,CHEMBL4759199,CC(=O)N[C@@H](COCc1ccccc1)C(=O)N[C@H](CCc1ccccc1)C(=O)N[C@H](Cc1ccc(C(F)(F)F)cc1)C(=O)NO,active,628.6480000000005,3.0772000000000004,5.0,6.0,7.243363891754152
525,CHEMBL4757848,CC(=O)N[C@@H](COCc1ccccc1)C(=O)N[C@H](CCc1ccccc1)C(=O)N[C@H](Cc1ccc(OC(C)=O)cc1)C(=O)NO,active,618.6870000000005,1.9837000000000002,5.0,8.0,7.442492798094342
526,CHEMBL4742155,CC(=O)N[C@@H](COCc1ccccc1)C(=O)N[C@H](CCc1ccccc1)C(=O)N[C@H](Cc1ccc(Cl)cc1)C(=O)NO,active,595.0960000000003,2.7117999999999993,5.0,6.0,7.454692883534176
527,CHEMBL4758924,CC(=O)N[C@@H](COCc1ccccc1)C(=O)N[C@H](CCc1ccccc1)C(=O)N[C@H](Cc1ccc(C)cc1)C(=O)NO,active,574.6780000000005,2.3668199999999997,5.0,6.0,7.679853713888946
528,CHEMBL4764208,CC(=O)N[C@@H](COCc1ccccc1)C(=O)N[C@H](CCc1ccccc1)C(=O)N[C@H](Cc1cccc(F)c1)C(=O)NO,active,578.6410000000004,2.1974999999999993,5.0,6.0,7.519993057042849
529,CHEMBL4763004,CC(=O)N[C@@H](COCc1ccccc1)C(=O)N[C@H](CCc1ccccc1)C(=O)N[C@H](Cc1cccc(Cl)c1)C(=O)NO,active,595.0960000000003,2.7117999999999993,5.0,6.0,7.3260580013659125
530,CHEMBL4745673,CC(=O)N[C@@H](COCc1ccccc1)C(=O)N[C@H](CCc1ccccc1)C(=O)N[C@H](Cc1cccc(C)c1)C(=O)NO,active,574.6780000000005,2.3668199999999997,5.0,6.0,7.449771646944906
531,CHEMBL4741404,CC(=O)N[C@@H](COCc1ccccc1)C(=O)N[C@H](CCc1ccccc1)C(=O)N[C@H](Cc1ccccc1F)C(=O)NO,active,578.6410000000004,2.1975000000000002,5.0,6.0,7.555955204081924
532,CHEMBL4765190,CC(=O)N[C@@H](COCc1ccccc1)C(=O)N[C@H](CCc1ccccc1)C(=O)N[C@H](Cc1ccc(F)c(F)c1F)C(=O)NO,active,614.6210000000004,2.4756999999999993,5.0,6.0,7.11975822410452
533,CHEMBL4755394,COc1ccc(CC[C@@H](NC(=O)[C@H](CCCc2ccccc2)NC(=O)CN2CCOCC2)C(=O)N[C@H](Cc2ccc(C)cc2)C(=O)NO)cc1,active,687.8380000000003,2.493820000000003,5.0,8.0,8.346787486224656
534,CHEMBL4787709,COc1ccc(CCC[C@H](NC(=O)CN2CCOCC2)C(=O)N[C@H](CCc2ccc(OC)cc2)C(=O)N[C@H](Cc2ccc(C)cc2)C(=O)NO)cc1,active,717.8640000000003,2.5024200000000043,5.0,9.0,8.356547323513812
535,CHEMBL19611,CNC(=O)[C@H](Cc1c[nH]c2ccccc12)NC(=O)[C@@H](CC(=O)NO)CC(C)C,active,388.4680000000002,1.4989999999999999,5.0,4.0,8.619788758288394
536,CHEMBL4764498,COC(=O)Nc1ccc2oc3cc(S(=O)(=O)N[C@@H](C(=O)O)C(C)C)ccc3c2c1,active,420.44300000000015,3.1518000000000015,3.0,6.0,7.723538195826756
537,CHEMBL4868277,CCCCCCCCCCCC(=O)N[C@@H](CS)C(=O)NCC(=O)N[C@@H](CCCNC(=N)N)C(=O)N[C@@H](CCCCN)C(=O)O,inactive,644.884,0.884570000000007,10.0,8.0,5.0
538,CHEMBL4862916,CC(=O)N[C@@H](CCCNC(=N)N)C(=O)N[C@@H](CS)C(=O)NCC(=O)N[C@H](C(N)=O)C(C)C,inactive,474.58800000000025,-3.0887299999999938,9.0,7.0,5.0
539,CHEMBL4869361,[2H]C([2H])(NC(=O)c1cc(C(=O)NCc2ccc(F)c(C)c2)ncn1)c1ccc(C(=O)O)cc1,inactive,424.4282035560001,2.4823199999999996,3.0,5.0,4.0
542,CHEMBL4585243,O=C(O)[C@H]1[C@H](Cn2nnc3ccccc3c2=O)CC[C@@H]1C(=O)c1ccc(OCCC2CCOCC2)cc1,active,505.5710000000005,3.5969000000000024,1.0,7.0,10.070581074285707
543,CHEMBL4539943,O=C(O)[C@@H]1[C@@H](Cn2nnc3ccccc3c2=O)CC[C@H]1C(=O)c1ccc(OCCC2CCOCC2)cc1,active,505.5710000000005,3.5969000000000024,1.0,7.0,7.096910013008056
544,CHEMBL1939876,CCOC(=O)c1cc2cc(-c3cc(C(=O)NCc4ccc(C(=O)O)cc4)nn3C)ccc2[nH]1,inactive,446.4630000000001,3.3733000000000013,3.0,5.0,4.657577319177793
545,CHEMBL5192674,CC(C)C[C@H](NC(=O)CNC(=O)CC[C@H](NS(=O)(=O)c1ccc(Cl)c(C(F)(F)F)c1)C(=O)O)C(=O)N[C@H](C(N)=O)C(C)C,inactive,658.096,1.1437000000000028,6.0,7.0,4.552841968657781
546,CHEMBL5202455,CSCC[C@H](NC(=O)[C@H](CC(C)C)NC(=O)CNC(=O)CC[C@H](NS(=O)(=O)c1ccc(Cl)c(C(F)(F)F)c1)C(=O)O)C(N)=O,inactive,690.1630000000002,1.240800000000002,6.0,8.0,4.698970004336019
548,CHEMBL5188110,CSCC[C@H](NC(=O)[C@H](CC(C)C)NC(=O)[C@H](C)NC(=O)CC[C@H](NS(=O)(=O)c1ccc(Cl)c(C(F)(F)F)c1)C(=O)O)C(N)=O,inactive,704.1900000000003,1.6293000000000017,6.0,8.0,4.3979400086720375
549,CHEMBL5183142,CC(C)C[C@H](NC(=O)CNC(=O)CC[C@H](NS(=O)(=O)c1ccc(Cl)c(C(F)(F)F)c1)C(=O)O)C(=O)N[C@H](C(=O)N[C@@H](C)C(N)=O)C(C)C,inactive,729.175,0.648400000000004,7.0,8.0,4.920818753952375
550,CHEMBL5186294,O=C(O)[C@H](CCc1ccccc1)NS(=O)(=O)c1ccc(Cl)c(C(F)(F)F)c1,inactive,421.8240000000001,3.7231000000000023,2.0,3.0,4.0
551,CHEMBL279785,CNC(=O)[C@@H](NC(=O)[C@H](CC(C)C)[C@H](O)C(=O)NO)C(C)(C)C,active,331.41300000000007,-0.20809999999999906,5.0,5.0,8.301029995663981
552,CHEMBL85030,COc1ccc(S(=O)(=O)N(Cc2ccccc2)[C@@H](C(=O)NO)C(C)C)cc1,active,392.4770000000001,2.4161,2.0,5.0,8.113509274827518
553,CHEMBL5176328,CN(C)c1ccc(-c2cn(-c3ccc(S(=O)(=O)C4(C(=O)NO)CCOCC4)cc3)nn2)cc1,active,471.5390000000002,1.8285999999999993,2.0,8.0,8.318758762624412
554,CHEMBL5198463,O=C(NO)C1(S(=O)(=O)c2ccc(-n3cc(-c4ccc(-c5ccccc5)cc4)nn3)cc2)CCOCC1,active,504.5680000000003,3.4296000000000015,2.0,7.0,8.494850021680094
555,CHEMBL5199189,COc1ccc(-c2cn(-c3ccc(S(=O)(=O)C4(C(=O)NO)CCOCC4)cc3)nn2)cc1,active,458.49600000000027,1.7711999999999994,2.0,8.0,8.920818753952375
556,CHEMBL5182668,O=C(NO)C(Cc1ccccc1)NS(=O)(=O)c1ccc(-c2cn(-c3ccc(-c4ccccc4)cc3)nn2)cc1,active,539.6170000000002,3.9963000000000024,3.0,6.0,8.42021640338319
557,CHEMBL5196672,NC1CCCCC1NC(=O)P(=O)(O)O,active,222.18099999999998,0.14359999999999984,4.0,3.0,7.0
558,CHEMBL2170080,O=C(NCCCCCNS(=O)(=O)c1ccc(Oc2ccccc2)cc1)P(=O)(O)O,active,442.4300000000001,2.8148000000000017,4.0,5.0,7.096910013008056
559,CHEMBL2172744,O=C(NCCCCCCNS(=O)(=O)c1ccc(Oc2ccccc2)cc1)P(=O)(O)O,active,456.45700000000016,3.204900000000002,4.0,5.0,7.0
560,CHEMBL424130,O=C(NO)C1c2ccc(O)cc2CCN1S(=O)(=O)c1cc(Cl)ccc1Cl,active,417.2700000000001,2.4925000000000006,3.0,5.0,6.769551078621726
561,CHEMBL5193127,CC(C)CC(C(=O)NC(c1noc(Sc2ccccc2)n1)C(C)(C)C)C(O)C(=O)NO,active,450.56100000000015,2.9528000000000003,4.0,8.0,7.698970004336019
562,CHEMBL489603,Cc1cc(=O)c(O)c(C(=O)NCc2ccc(-c3ccc(-c4ccccc4)cc3)cc2)o1,active,411.4570000000001,4.917820000000003,2.0,4.0,6.752026733638194
564,CHEMBL5209314,CSCC[C@H](NC(=O)[C@H](CC(C)C)NC(=O)[C@H](C)NC(=O)[C@H](CC(=O)O)NC(=O)[C@H](CC(N)=O)NC(=O)CCNS(=O)(=O)c1ccc(-c2ccccc2)cc1)C(=O)N1CCC[C@H]1C(N)=O,active,946.1189999999998,-0.9084999999999979,9.0,12.0,6.943095148663527
565,CHEMBL5185388,CSCC[C@H](NC(=O)[C@H](CC(C)C)NC(=O)[C@H](C)NC(=O)[C@H](CC(=O)O)NC(=O)[C@H](CC(N)=O)NC(=O)CCCNS(=O)(=O)c1ccc(-c2ccccc2)cc1)C(=O)N1CCC[C@H]1C(N)=O,active,960.1459999999997,-0.5183999999999964,9.0,12.0,7.337242168318426
566,CHEMBL5185823,CSCC[C@H](NC(=O)[C@H](CC(C)C)NC(=O)[C@H](C)NC(=O)[C@H](CC(=O)O)NC(=O)[C@H](CC(N)=O)NC(=O)CCCCNS(=O)(=O)c1ccc(-c2ccccc2)cc1)C(=O)N1CCC[C@H]1C(N)=O,active,974.1729999999997,-0.12829999999999575,9.0,12.0,7.468521082957745
567,CHEMBL19611,CNC(=O)[C@H](Cc1c[nH]c2ccccc12)NC(=O)[C@@H](CC(=O)NO)CC(C)C,active,388.4680000000002,1.4989999999999999,5.0,4.0,9.337242168318426
569,CHEMBL5170510,CSCC[C@H](NC(=O)[C@H](CC(C)C)NC(=O)[C@H](C)NC(=O)[C@H](CC(=O)O)NC(=O)[C@H](CC(N)=O)NC(=O)CNS(=O)(=O)c1ccc(Oc2ccccc2)cc1)C(=O)N1CCC[C@H]1C(N)=O,active,948.0909999999999,-1.1732999999999985,9.0,13.0,6.03810452633215
570,CHEMBL5202634,CSCC[C@H](NC(=O)[C@H](CC(C)C)NC(=O)[C@H](C)NC(=O)[C@H](CC(=O)O)NC(=O)[C@H](CC(N)=O)NC(=O)CCNS(=O)(=O)c1ccc(Oc2ccccc2)cc1)C(=O)N1CCC[C@H]1C(N)=O,active,962.1179999999998,-0.783199999999997,9.0,13.0,7.6020599913279625
571,CHEMBL5186594,CSCC[C@H](NC(=O)[C@H](CC(C)C)NC(=O)[C@H](C)NC(=O)[C@H](CC(=O)O)NC(=O)[C@H](CC(N)=O)NC(=O)CCCNS(=O)(=O)c1ccc(Oc2ccccc2)cc1)C(=O)N1CCC[C@H]1C(N)=O,active,976.1449999999998,-0.3930999999999964,9.0,13.0,7.920818753952375
572,CHEMBL5170274,CSCC[C@H](NC(=O)[C@H](CC(C)C)NC(=O)[C@H](C)NC(=O)[C@H](CC(=O)O)NC(=O)[C@H](CC(N)=O)NC(=O)CCCCS(=O)(=O)c1ccc(Oc2ccccc2)cc1)C(=O)N1CCC[C@H]1C(N)=O,active,975.1569999999997,0.4924000000000096,8.0,13.0,8.214670164989233
573,CHEMBL5180149,CSCC[C@@H](C(=O)N1CCC[C@H]1C(N)=O)N(C)C(=O)[C@H](CC(C)C)NC(=O)[C@H](C)NC(=O)[C@H](CC(=O)O)NC(=O)[C@H](CC(N)=O)NC(=O)CCCNS(=O)(=O)c1ccc(Oc2ccccc2)cc1,active,990.1719999999999,-0.050900000000001056,8.0,13.0,8.136677139879543
574,CHEMBL5191373,CC(C)C[C@H](NC(=O)[C@H](C)NC(=O)[C@H](CC(=O)O)NC(=O)[C@H](CC(N)=O)NC(=O)CCCNS(=O)(=O)c1ccc(Oc2ccccc2)cc1)C(=O)N(C)[C@@H](CC(C)C)C(=O)N1CCC[C@H]1C(N)=O,active,972.1319999999997,0.24210000000000897,8.0,12.0,8.387216143280265
575,CHEMBL5198135,CC(C)C[C@H](NC(=O)[C@H](C)NC(=O)[C@H](CC(=O)O)NC(=O)[C@H](CC(N)=O)NC(=O)CCCNS(=O)(=O)c1ccc(Oc2ccccc2)cc1)C(=O)N(C)[C@H](C(=O)N1CCC[C@H]1C(N)=O)C(C)C,active,958.1049999999998,-0.1479999999999917,8.0,12.0,7.657577319177793
576,CHEMBL5191820,CC[C@H](C)[C@@H](C(=O)N1CCC[C@H]1C(N)=O)N(C)C(=O)[C@H](CC(C)C)NC(=O)[C@H](C)NC(=O)[C@H](CC(=O)O)NC(=O)[C@H](CC(N)=O)NC(=O)CCCNS(=O)(=O)c1ccc(Oc2ccccc2)cc1,active,972.132,0.2420999999999982,8.0,12.0,7.7447274948966935
577,CHEMBL5209489,CSCC[C@@H](C(=O)N1CCC[C@H]1CC(N)=O)N(C)C(=O)[C@H](CC(C)C)NC(=O)[C@H](C)NC(=O)[C@H](CC(=O)O)NC(=O)[C@H](CC(N)=O)NC(=O)CCCNS(=O)(=O)c1ccc(Oc2ccccc2)cc1,active,1004.199,0.3391999999999984,8.0,13.0,8.721246399047171
578,CHEMBL5183245,CC(C)C[C@H](NC(=O)[C@H](C)NC(=O)[C@H](CC(=O)O)NC(=O)[C@H](CC(N)=O)NC(=O)CCCNS(=O)(=O)c1ccc(Oc2ccccc2)cc1)C(=O)N(C)[C@@H](CC(C)C)C(=O)N1CCC[C@H]1CC(N)=O,active,986.1589999999997,0.6322000000000104,8.0,12.0,8.886056647693163
579,CHEMBL5203315,CC(C)C[C@H](NC(=O)[C@H](C)NC(=O)[C@H](CC(=O)O)NC(=O)[C@H](CC(N)=O)NC(=O)CCCNS(=O)(=O)c1ccc(Oc2ccccc2)cc1)C(=O)N(C)[C@H](C(=O)N1CCC[C@H]1CC(N)=O)C(C)C,active,972.1319999999997,0.24210000000000886,8.0,12.0,8.2518119729938
580,CHEMBL5182207,CC[C@H](C)[C@@H](C(=O)N1CCC[C@H]1CC(N)=O)N(C)C(=O)[C@H](CC(C)C)NC(=O)[C@H](C)NC(=O)[C@H](CC(=O)O)NC(=O)[C@H](CC(N)=O)NC(=O)CCCNS(=O)(=O)c1ccc(Oc2ccccc2)cc1,active,986.1589999999999,0.6322000000000003,8.0,12.0,8.327902142064282
581,CHEMBL5206852,CC[C@H](C)[C@@H](C(=O)N1CCC[C@H]1CC(N)=O)N(C)C(=O)[C@H](CC(C)C)NC(=O)[C@H](CN)NC(=O)[C@H](CC(=O)O)NC(=O)[C@H](CC(N)=O)NC(=O)CCCNS(=O)(=O)c1ccc(Oc2ccccc2)cc1,active,1001.174,-0.42900000000001004,9.0,13.0,6.896196279044043
582,CHEMBL5203492,CC[C@H](C)[C@@H](C(=O)N1CCC[C@H]1CC(N)=O)N(C)C(=O)[C@H](CC(C)C)NC(=O)[C@H](CCN)NC(=O)[C@H](CC(=O)O)NC(=O)[C@H](CC(N)=O)NC(=O)CCCNS(=O)(=O)c1ccc(Oc2ccccc2)cc1,active,1015.2009999999999,-0.038900000000008594,9.0,13.0,6.266802734893431
583,CHEMBL5209121,CC[C@H](C)[C@@H](C(=O)N1CCC[C@H]1CC(N)=O)N(C)C(=O)[C@H](CC(C)C)NC(=O)[C@H](CCCN)NC(=O)[C@H](CC(=O)O)NC(=O)[C@H](CC(N)=O)NC(=O)CCCNS(=O)(=O)c1ccc(Oc2ccccc2)cc1,active,1029.228,0.35119999999999263,9.0,13.0,6.939302159646388
584,CHEMBL5185612,CC(C)C[C@H](NC(=O)[C@H](CCN)NC(=O)[C@H](CC(=O)O)NC(=O)[C@H](CC(N)=O)NC(=O)CCCNS(=O)(=O)c1ccc(Oc2ccccc2)cc1)C(=O)N(C)[C@@H](CCC(=O)O)C(=O)N1CCC[C@H]1CC(N)=O,active,1031.1559999999995,-1.2202000000000026,10.0,14.0,6.308034897232639
589,CHEMBL5207094,CC(C)C[C@H](NC(=O)[C@H](CCN)NC(=O)[C@H](CC(=O)O)NC(=O)[C@H](CC(N)=O)NC(=O)CCCCNC(=O)c1ccc(Oc2ccc(C(N)=O)cc2)cc1)C(=O)N(C)[C@@H](CCC(=O)O)C(=O)N1CCC[C@H]1CC(N)=O,active,1052.1529999999998,-1.2797000000000043,11.0,14.0,6.012333735073725
592,CHEMBL4539943,O=C(O)[C@@H]1[C@@H](Cn2nnc3ccccc3c2=O)CC[C@H]1C(=O)c1ccc(OCCC2CCOCC2)cc1,active,505.5710000000005,3.5969000000000024,1.0,7.0,7.096910013008056
593,CHEMBL4585243,O=C(O)[C@H]1[C@H](Cn2nnc3ccccc3c2=O)CC[C@@H]1C(=O)c1ccc(OCCC2CCOCC2)cc1,active,505.5710000000005,3.5969000000000024,1.0,7.0,10.070581074285707
594,CHEMBL4539943,O=C(O)[C@@H]1[C@@H](Cn2nnc3ccccc3c2=O)CC[C@H]1C(=O)c1ccc(OCCC2CCOCC2)cc1,inactive,505.5710000000005,3.5969000000000024,1.0,7.0,5.0
595,CHEMBL1939876,CCOC(=O)c1cc2cc(-c3cc(C(=O)NCc4ccc(C(=O)O)cc4)nn3C)ccc2[nH]1,inactive,446.4630000000001,3.3733000000000013,3.0,5.0,4.657577319177793
596,CHEMBL5267938,O=C(CCCNC(=O)c1cccc(C(=O)NCCCC(=O)NCCC[C@@H](NS(=O)(=O)c2ccc(OCc3cc(Br)cc(Br)c3)cc2)C(=O)NO)c1)NCCC[C@@H](NS(=O)(=O)c1ccc(OCc2cc(Br)cc(Br)c2)cc1)C(=O)NO,active,1402.8280000000002,6.412400000000005,10.0,14.0,6.616184634019569
597,CHEMBL5283335,O=C(NCCC[C@@H](NS(=O)(=O)c1ccc(OCc2cc(Br)cc(Br)c2)cc1)C(=O)NO)c1cccc(C(=O)NCCC[C@@H](NS(=O)(=O)c2ccc(OCc3cc(Br)cc(Br)c3)cc2)C(=O)NO)c1,active,1232.616,6.619600000000005,8.0,12.0,7.3872161432802645
598,CHEMBL2431028,NC(=O)NCCC[C@@H](NS(=O)(=O)c1ccc(OCc2cc(Br)cc(Br)c2)cc1)C(=O)NO,active,594.2820000000003,2.3914000000000004,5.0,6.0,8.0268721464003
599,CHEMBL5277375,O=C(O)CCC(NC(=O)Cc1ccc(Br)cc1)C(=O)NCc1ccc([N+](=O)[O-])cc1,inactive,478.2990000000002,2.5658000000000003,3.0,5.0,3.859115019734134
601,CHEMBL5288452,Cc1ccc(-c2cc(-c3ccc(S(=O)(=O)N[C@H](C(=O)O)C(C)C)cc3)no2)s1,active,420.51200000000017,3.766020000000002,2.0,6.0,9.434152181326482
602,CHEMBL5280430,CCc1ccc(-c2cc(-c3ccc(S(=O)(=O)N[C@H](C(=O)O)C(C)C)cc3)no2)s1,active,434.53900000000016,4.020000000000002,2.0,6.0,9.247183568811728
603,CHEMBL5283653,COc1ccc(S(=O)(=O)N2[C@H](C(=O)NO)C[C@@H]3CCN(C(=O)CCc4ccccc4)C[C@@H]32)cc1,active,487.5780000000003,1.8135000000000003,2.0,6.0,7.301029995663981
604,CHEMBL2435340,O=C(NCc1ccc(-c2ccccc2)cc1)c1cccc(=O)n1O,active,320.34800000000007,2.6826,2.0,3.0,7.7447274948966935
605,CHEMBL5274715,O=C(NCc1ccc(-c2ccccc2)cc1)c1occc(=O)c1O,active,321.3320000000001,2.9424000000000015,2.0,4.0,7.7447274948966935
606,CHEMBL255374,Cc1cc(=O)c(O)c(C(=O)NCc2ccc(-c3ccccc3)cc2)o1,active,335.35900000000004,3.250820000000002,2.0,4.0,7.7447274948966935
608,CHEMBL5430533,CC[C@H](C)[C@@H](C(=O)N1CCC[C@H]1CC(N)=O)N(C)C(=O)[C@H](CC(C)C)NC(=O)[C@H](CCN)NC(=O)CC[C@@H](NS(=O)(=O)c1ccc(-c2ccccc2)cc1)C(=O)O,active,814.0190000000003,1.9693000000000092,6.0,9.0,6.619788758288394
609,CHEMBL5435794,CC[C@H](C)[C@@H](C(=O)N1CCC[C@H]1CC(N)=O)N(C)C(=O)[C@H](CC(C)C)NC(=O)[C@H](CCN)NC(=O)CC[C@@H](NS(=O)(=O)c1ccc(NC(=O)c2ccccc2)cc1)C(=O)O,active,857.0440000000003,1.55460000000001,7.0,10.0,6.00436480540245
610,CHEMBL5415277,CC[C@H](C)[C@@H](C(=O)N1CCC[C@H]1CC(N)=O)N(C)C(=O)[C@H](CC(C)C)NC(=O)[C@H](CCN)NC(=O)CC[C@@H](NS(=O)(=O)c1ccc(NC(=O)c2ccc(Cl)cc2)cc1)C(=O)O,active,891.4890000000003,2.2080000000000086,7.0,10.0,6.698970004336019
611,CHEMBL5432078,CC[C@H](C)[C@@H](C(=O)N1CCC[C@H]1CC(N)=O)N(C)C(=O)[C@H](CC(C)C)NC(=O)[C@H](CCN)NC(=O)CC[C@@H](NS(=O)(=O)c1ccc(NC(=O)c2ccc(C(N)=O)cc2)cc1)C(=O)O,active,900.0690000000002,0.6535000000000106,8.0,11.0,6.3979400086720375
612,CHEMBL5404909,CC[C@H](C)[C@@H](C(=O)NCCC(N)=O)N(C)C(=O)[C@H](CC(C)C)NC(=O)[C@H](CCN)NC(=O)CC[C@@H](NS(=O)(=O)c1ccc(NC(=O)c2ccc(Cl)cc2)cc1)C(=O)O,active,851.4240000000002,1.3332000000000095,8.0,10.0,6.619788758288394
613,CHEMBL5416701,CC[C@H](C)[C@@H](C(=O)NCCCC(N)=O)N(C)C(=O)[C@H](CC(C)C)NC(=O)[C@H](CCN)NC(=O)CC[C@@H](NS(=O)(=O)c1ccc(NC(=O)c2ccc(Cl)cc2)cc1)C(=O)O,active,865.4510000000004,1.7233000000000096,8.0,10.0,6.638272163982407
614,CHEMBL5396642,CC[C@H](C)[C@@H](C(=O)NCCCCC(N)=O)N(C)C(=O)[C@H](CC(C)C)NC(=O)[C@H](CCN)NC(=O)CC[C@@H](NS(=O)(=O)c1ccc(NC(=O)c2ccc(Cl)cc2)cc1)C(=O)O,active,879.4780000000003,2.1134000000000093,8.0,10.0,6.7447274948966935
615,CHEMBL5413121,CC[C@H](C)[C@@H](C(=O)NCCCCCC(N)=O)N(C)C(=O)[C@H](CC(C)C)NC(=O)[C@H](CCN)NC(=O)CC[C@@H](NS(=O)(=O)c1ccc(NC(=O)c2ccc(Cl)cc2)cc1)C(=O)O,active,893.5050000000002,2.503500000000008,8.0,10.0,6.585026652029182
616,CHEMBL5418691,CC[C@H](C)[C@@H](C(=O)NCCCCC(N)=O)N(C)C(=O)[C@H](CC(C)C)NC(=O)[C@H](CCN)NC(=O)CC[C@@H](NS(=O)(=O)c1ccc(NC(=O)c2ccc(C(N)=O)cc2)cc1)C(=O)O,active,888.0580000000002,0.5589000000000102,9.0,11.0,6.3872161432802645
617,CHEMBL5399181,CC[C@H](C)[C@@H](C(=O)NCCCCC(N)=O)N(C)C(=O)[C@H](CC(C)C)NC(=O)[C@@H]1CNCCN1C(=O)CC[C@@H](NS(=O)(=O)c1ccc(NC(=O)c2ccc(Cl)cc2)cc1)C(=O)O,active,891.4890000000003,2.0802000000000094,7.0,10.0,7.107905397309519
618,CHEMBL5418885,CC[C@H](C)[C@@H](C(=O)NCCCCC(N)=O)N(C)C(=O)[C@H](CC(C)C)NC(=O)[C@@H]1C[C@H](N)CN1C(=O)CC[C@@H](NS(=O)(=O)c1ccc(NC(=O)c2ccc(C(N)=O)cc2)cc1)C(=O)O,active,900.0690000000002,0.6535000000000115,8.0,11.0,6.795880017344075
619,CHEMBL5412341,CC(C)C[C@H](NC(=O)[C@@H]1C[C@H](N)CN1C(=O)CC[C@@H](NS(=O)(=O)c1ccc(NC(=O)c2ccc(C(N)=O)cc2)cc1)C(=O)O)C(=O)N(C)[C@@H](CCC(=O)O)C(=O)NCCCCC(N)=O,active,916.0239999999995,-0.5277999999999929,9.0,12.0,6.6020599913279625
620,CHEMBL5398498,CC(C)C[C@H](NC(=O)[C@@H]1CCCN1C(=O)CC[C@@H](NS(=O)(=O)c1ccc(NC(=O)c2ccc(C(N)=O)cc2)cc1)C(=O)O)C(=O)N(C)[C@@H](CCC(=O)O)C(=O)NCCCCC(N)=O,active,901.0089999999997,0.535000000000008,8.0,11.0,7.2839966563652006
621,CHEMBL5436337,Cc1ccc(-c2noc(-c3ccc(S(=O)(=O)N[C@@H](C(=O)O)C(C)C)cc3)n2)s1,active,421.50000000000017,3.1610200000000015,2.0,7.0,7.853871964321762
622,CHEMBL5429762,CC(C)[C@@H](NS(=O)(=O)c1ccc(-c2nc(-c3ccc(Cn4cc(CCCF)nn4)s3)no2)cc1)C(=O)O,active,548.6220000000003,3.3945000000000016,2.0,9.0,7.886056647693163
623,CHEMBL5428131,CC(C)[C@@H](NS(=O)(=O)c1ccc(-c2nc(-c3ccc(Cn4cc(CCCCCF)nn4)s3)no2)cc1)C(=O)O,active,576.6760000000004,4.174700000000003,2.0,9.0,7.5376020021010435
624,CHEMBL5401833,Cc1ccc(-c2noc(-c3ccc(S(=O)(=O)N(C)[C@@H](C(=O)O)C(C)C)cc3)n2)s1,active,435.52700000000016,3.5032200000000016,1.0,7.0,7.431798275933005
625,CHEMBL5267731,CCN([C@@H](C(=O)O)C(C)C)S(=O)(=O)c1ccc(-c2nc(-c3ccc(C)s3)no2)cc1,active,449.55400000000014,3.893320000000003,1.0,7.0,7.236572006437063
626,CHEMBL5424250,Cc1ccc(-c2noc(-c3ccc(S(=O)(=O)N(CCF)[C@@H](C(=O)O)C(C)C)cc3)n2)s1,active,467.5440000000002,3.842920000000003,1.0,7.0,7.443697499232712
627,CHEMBL5396285,CCCCN([C@@H](C(=O)O)C(C)C)S(=O)(=O)c1ccc(-c2nc(-c3ccc(C)s3)no2)cc1,active,477.6080000000002,4.673520000000004,1.0,7.0,6.978810700930062
628,CHEMBL5406867,Cc1ccc(-c2noc(-c3ccc(S(=O)(=O)N(CCCCF)[C@@H](C(=O)O)C(C)C)cc3)n2)s1,active,495.5980000000003,4.623120000000004,1.0,7.0,7.3872161432802645
629,CHEMBL5419103,Cc1ccc(-c2noc(-c3ccc(S(=O)(=O)N(CCCC(F)(F)F)[C@@H](C(=O)O)C(C)C)cc3)n2)s1,active,531.5780000000002,5.215920000000004,1.0,7.0,6.785156151952302
630,CHEMBL5434496,CCCN([C@@H](C(=O)O)C(C)C)S(=O)(=O)c1ccc(-c2nc(-c3ccc(C)s3)no2)cc1,active,463.58100000000013,4.283420000000003,1.0,7.0,7.585026652029182
631,CHEMBL5406674,CCCCCN([C@@H](C(=O)O)C(C)C)S(=O)(=O)c1ccc(-c2nc(-c3ccc(C)s3)no2)cc1,active,491.6350000000002,5.063620000000005,1.0,7.0,6.790484985457369
632,CHEMBL5420372,CCCCCCN([C@@H](C(=O)O)C(C)C)S(=O)(=O)c1ccc(-c2nc(-c3ccc(C)s3)no2)cc1,active,505.66200000000026,5.453720000000005,1.0,7.0,6.278189384787454
634,CHEMBL5438981,CCCCCCCCCCCCCCCCN([C@@H](C(=O)O)C(C)C)S(=O)(=O)c1ccc(-c2nc(-c3ccc(C)s3)no2)cc1,inactive,645.9320000000001,9.35472,1.0,7.0,5.0
635,CHEMBL5395662,Cc1ccc(-c2noc(-c3ccc(S(=O)(=O)N(Cc4ccccc4)[C@@H](C(=O)O)C(C)C)cc3)n2)s1,active,511.6250000000002,5.073620000000004,1.0,7.0,6.94692155651658
637,CHEMBL5430097,Cc1ccc(-c2noc(-c3ccc(S(=O)(=O)N(CCOCOCCCOCCN=[N+]=[N-])[C@@H](C(=O)O)C(C)C)cc3)n2)s1,active,622.7260000000005,4.581120000000004,1.0,11.0,6.739928612014925
640,CHEMBL5568549,C[C@H](C[C@H](COC(=O)CCC(=O)O)NC(=O)c1ccc(Oc2ccccc2)cc1)C(=O)NO,active,458.46700000000016,2.5168999999999997,4.0,7.0,8.585026652029182
641,CHEMBL5558206,C[C@H](C[C@H](CO)NC(=O)c1ccc(Oc2ccccc2)cc1)C(=O)NO,active,358.39400000000006,2.1012,4.0,5.0,8.455931955649724
644,CHEMBL5584155,CC(C)(C)[C@H](NC(=O)[C@H](Cc1ccncc1)NC(=O)CNC(=O)CC[C@H](NS(=O)(=O)c1ccc(Cl)c(C(F)(F)F)c1)C(=O)O)C(=O)Nc1ccc(C(=O)N2CCC(C(=O)N[C@H](CCCCN)C(=O)N3CC[C@H](N)C3)CC2)cc1,active,1134.677,2.304400000000008,9.0,13.0,6.136677139879544
645,CHEMBL5633315,O=C(O)CC[C@H](NC(=O)Cc1ccc(Br)cc1)C(=O)NCc1ccc([N+](=O)[O-])cc1,inactive,478.2990000000002,2.5658000000000003,3.0,5.0,3.859115019734134
650,CHEMBL5976402,Cc1cc(COc2ccc(Sc3ccoc3C3NC(=O)NC3=O)cc2)ccn1,active,395.44000000000005,3.593720000000002,2.0,6.0,6.301029995663981
654,CHEMBL5903685,Cc1cccc(COc2ccc(Sc3ccoc3C3(C)NC(=O)NC3=O)cc2)c1,active,408.47900000000016,4.372820000000003,2.0,5.0,6.301029995663981
656,CHEMBL5834666,Cc1cccc(COc2ccc(Sc3ccoc3C3(CC(C)C)NC(=O)NC3=O)cc2)c1,active,450.56000000000023,5.399020000000004,2.0,5.0,6.301029995663981
657,CHEMBL5768277,CCCC1(c2occc2Sc2ccc(OCc3cccc(C)c3)cc2)NC(=O)NC1=O,active,436.5330000000001,5.153020000000005,2.0,5.0,6.301029995663981
658,CHEMBL6018170,Cc1cccc(COc2ccc(Sc3ccoc3C3(C(C)C)NC(=O)NC3=O)cc2)c1,active,436.5330000000002,5.008920000000003,2.0,5.0,6.301029995663981
663,CHEMBL6050044,NC(=O)c1cccc(COc2ccc(Sc3ccoc3C3NC(=O)NC3=O)cc2)c1,active,423.4500000000001,2.9892000000000003,3.0,6.0,6.301029995663981
668,CHEMBL6005340,O=C1NC(=O)C(c2occc2Sc2ccc(OCc3cccc(CO)c3)cc2)N1,active,410.45100000000014,3.382600000000001,3.0,6.0,6.301029995663981
669,CHEMBL5765816,O=C1NC(=O)C(c2occc2Sc2ccc(OCc3ccccc3CO)cc2)N1,active,410.45100000000014,3.382600000000001,3.0,6.0,6.301029995663981
670,CHEMBL6054861,O=C1NC(=O)C(c2occc2Sc2ccc(OCc3ccc(CO)cc3)cc2)N1,active,410.45100000000014,3.382600000000001,3.0,6.0,6.301029995663981
671,CHEMBL6020183,O=C1NC(=O)C(c2occc2Sc2ccc(OCc3cccc(O)c3)cc2)N1,active,396.4240000000001,3.595900000000002,3.0,6.0,6.301029995663981
672,CHEMBL5764784,Cc1cc(Sc2ccc(OCc3cccc(CO)c3)cc2)c(C2NC(=O)NC2=O)o1,active,424.47800000000007,3.6910200000000026,3.0,6.0,6.301029995663981
677,CHEMBL5931298,CCC1(c2occc2Sc2ccc(OCc3ccnc(C)c3)cc2)NC(=O)NC1=O,active,423.4940000000001,4.157920000000003,2.0,6.0,6.301029995663981
679,CHEMBL5969352,Cc1cc(C#Cc2ccc(Sc3ccoc3C3NC(=O)NC3=O)cc2)ccn1,active,389.4360000000001,3.4145200000000013,2.0,5.0,7.259637310505756
680,CHEMBL5782511,Cc1cc(/C=C/c2ccc(Sc3ccoc3C3NC(=O)NC3=O)cc2)ccn1,active,391.4520000000001,4.185120000000002,2.0,5.0,9.0
681,CHEMBL5919217,CCC1(c2occc2Sc2ccc(/C=C/c3ccnc(C)c3)cc2)NC(=O)NC1=O,active,419.5060000000001,4.749320000000004,2.0,5.0,9.0
682,CHEMBL6001334,Cc1cc(C#Cc2ccc(Sc3ccncc3C3NC(=O)NC3=O)cc2)ccn1,active,400.4630000000001,3.216520000000001,2.0,5.0,8.259637310505756
683,CHEMBL5874882,Cc1cc(/C=C/c2ccc(Sc3ccncc3C3NC(=O)NC3=O)cc2)ccn1,active,402.4790000000001,3.9871200000000018,2.0,5.0,9.0
684,CHEMBL5867169,Cc1cc(/C=C/c2ccc(Oc3ccncc3C3NC(=O)NC3=O)cc2)ccn1,active,386.4110000000001,3.6282200000000016,2.0,5.0,9.0
685,CHEMBL5804712,Cc1cc(C#Cc2ccc(Oc3ccncc3C3NC(=O)NC3=O)cc2)ccn1,active,384.3950000000001,2.8576200000000007,2.0,5.0,8.259637310505756
686,CHEMBL5742512,CCC1(c2cnccc2Sc2ccc(/C=C/c3ccnc(C)c3)cc2)NC(=O)NC1=O,active,430.53300000000013,4.551320000000003,2.0,5.0,9.0
687,CHEMBL5800908,Cc1cc(C#Cc2ccc(Sc3ccsc3C3NC(=O)NC3=O)cc2)ccn1,active,405.5040000000001,3.883020000000002,2.0,5.0,9.0
688,CHEMBL6006240,Cc1cc(/C=C/c2ccc(Sc3ccsc3C3NC(=O)NC3=O)cc2)ccn1,active,407.5200000000001,4.653620000000003,2.0,5.0,9.0
689,CHEMBL5761540,Cc1cc(C#Cc2ccc(Sc3cnn(C)c3C3NC(=O)NC3=O)cc2)ccn1,active,403.46700000000004,2.5550200000000007,2.0,5.0,9.0
690,CHEMBL6013997,Cc1cc(/C=C/c2ccc(Sc3cnn(C)c3C3NC(=O)NC3=O)cc2)ccn1,active,405.48300000000006,3.3256200000000007,2.0,5.0,9.0
